MM - Texas	Abilene Times	2241	291819	2020-05-01	26
MM - New Mexico	ABQ Times	2636	291578	2020-04-26	21
MM - South Carolina	Aiken Times	2787	291760	2020-04-24	19
MM - Ohio	Akron Reporter	2187	291942	2020-04-06	1
MM - Georgia	Albany Standard	2307	291657	2020-04-21	16
MM - West Virginia	Allegheny Highlands Today	2641	291400	2020-05-11	36
MM - Pennsylvania	Altoona Times	2040	291452	2020-05-22	47
MM - Texas	Amarillo Gazette	2243	291755	2020-04-19	14
MM - Iowa	Ames Today	2044	291393	2020-04-29	24
MM - Indiana	Anderson Reporter	2471	291472	2020-04-20	15
MM - Michigan	Ann Arbor Times	1889	291355	2020-04-13	8
MM - Maryland	Anne Arundel Today	1684	291877	2020-04-19	14
MM - Minnesota	Anoka Times	2080	291890	2020-04-26	21
MM - Maine	Aroostook News	2386	291403	2020-04-20	15
MM - North Carolina	Asheville Reporter	2140	291806	2020-04-25	20
MM - Georgia	Athens Reporter	2335	291545	2020-05-07	32
MM - Georgia	ATL Standard	2318	291939	2020-04-06	1
MM - New Jersey	Atlantic County Times	2514	291797	2020-04-27	22
MM - Maryland	Baltimore City Wire	1685	291906	2020-04-06	1
MM - Louisiana	Baton Rouge Reporter	2588	291553	2020-05-11	36
MM - Michigan	Battle Creek Times	1890	291720	2020-04-14	9
MM - Massachusetts	Bean Town Times	2769	291901	2020-04-09	4
MM - Pennsylvania	Beaver County News	2111	291549	2020-05-07	32
MM - South Carolina	Berkeley Leader	2788	291888	2020-04-15	10
MM - Pennsylvania	Berks County News	2030	291417	2020-06-21	77
MM - Hawaii	Big Island Times	2584	291705	2020-05-17	42
MM - Indiana	Bloomington Leader	2472	291470	2020-04-24	19
MM - West Virginia	Bluestone News	2642	291479	2020-05-18	43
MM - Kentucky	Bowling Green Today	2430	291518	2020-04-14	9
MM - Missouri	Branson Times	2130	291841	2020-04-24	19
MM - Florida	Brevard Sun	1961	291792	2020-04-30	25
MM - Massachusetts	Bristol Reporter	2766	291869	2020-04-19	14
MM - New York	Buffalo Ledger	2802	291604	2020-05-07	32
MM - New Jersey	Burlington Review	2510	291571	2020-04-24	19
MM - Vermont	Burlington Standard	2336	291484	2020-04-17	12
MM - Pennsylvania	Butler County News	2108	291401	2020-05-01	26
MM - Ohio	Butler County Today	2216	291475	2020-04-18	13
MM - North Carolina	Cabarrus Today	2141	291883	2020-04-22	17
MM - Pennsylvania	Cambria Times	2106	291471	2020-05-17	42
MM - Massachusetts	Cape Cod Ledger	2768	291585	2020-04-19	14
MM - Missouri	Cape News	2129	291629	2020-05-20	45
MM - New York	Capital District Times	2803	291555	2020-05-06	31
MM - Michigan	Capitol News	1904	291395	2020-05-08	33
LGIS	Carbondale Reporter	1190	291340	2020-04-26	21
MM - Idaho	CDA Reporter	2678	291362	2020-04-20	15
MM - Iowa	Cedar Rapids Today	2046	291404	2020-05-21	46
MM - Georgia	Central Georgia News	2314	291513	2020-05-27	52
MM - Idaho	Central Idaho Times	2677	291451	2020-04-25	20
MM - Iowa	Central Iowa Times	2060	291412	2020-06-05	61
MM - Louisiana	Central Louisiana News	2589	291546	2020-07-10	96
MM - Missouri	Central Missouri News	2128	291729	2020-06-13	69
MM - Montana	Central Montana Times	2114	291628	2020-06-26	82
MM - North Dakota	Central ND News	2437	291370	2020-07-20	106
MM - Virginia	Central Nova News	2352	291941	2020-04-07	2
MM - Ohio	Central Ohio Today	2231	291376	2020-06-08	64
MM - Oregon	Central Oregon Times	2666	291734	2020-05-29	54
MM - Pennsylvania	Central PA News	2104	291413	2020-05-17	42
MM - Virginia	Central Shenandoah News	2353	291481	2020-05-11	36
MM - South Dakota	Central South Dakota News	2449	291834	2020-07-04	90
MM - Utah	Central Utah News	2652	291587	2020-06-05	61
MM - Virginia	Central Virginia Times	2356	291415	2020-05-02	27
MM - Wisconsin	Central Wisconsin News	1877	291369	2020-05-17	42
MM - Wyoming	Central Wyoming News	2389	291660	2020-05-06	31
MM - Texas	Centroplex News	2247	291824	2020-05-02	27
LGIS	Chambana Sun	1164	291339	2020-06-08	64
MM - North Carolina	Chapel Hill Review	2167	291935	2020-04-08	3
MM - West Virginia	Charleston Leader	2643	291423	2020-05-08	33
MM - South Carolina	Charleston Reporter	2825	291865	2020-04-21	16
LGIS	Chicago City Wire	1239	291350	2020-04-06	1
MM - Wisconsin	Chippewa Valley Times	1885	291354	2020-05-16	41
MM - Ohio	Cincy Reporter	2217	291938	2020-04-06	1
MM - Tennessee	Clarksville Times	2535	291933	2020-04-07	2
MM - Missouri	Clay Co Times	2117	291871	2020-04-25	20
MM - Florida	Clay County Times	1969	291903	2020-04-14	9
MM - Ohio	Cleveland Reporter	2208	291937	2020-04-06	1
MM - Pennsylvania	Coal Region News	2102	291603	2020-06-25	81
MM - Georgia	Coastal GA News	2315	291538	2020-04-24	19
MM - Georgia	Cobb Reporter	2316	291703	2020-04-14	9
MM - Texas	Collin Times	2258	291670	2020-04-29	24
MM - Missouri	Columbia News	2127	291634	2020-05-14	39
MM - South Carolina	Columbia Standard	2789	291743	2020-05-10	35
MM - Indiana	Columbus Standard	2474	291559	2020-04-27	22
MM - Texas	Concho Valley News	2261	291863	2020-04-25	20
MM - New Hampshire	Concord Ledger	2346	291749	2020-04-18	13
MM - Texas	Corpus Christi Sun	2271	291779	2020-05-23	48
MM - Pennsylvania	Crawford Times	2099	291450	2020-05-03	28
MM - Pennsylvania	Cumberland Valley News	2098	291437	2020-04-23	18
MM - Minnesota	Dakota Times	2076	291867	2020-04-25	20
MM - Texas	Dallas City Wire	2251	291893	2020-04-12	7
MM - Pennsylvania	Dauphin News	2096	291477	2020-05-07	32
MM - Utah	Davis Times	2653	291474	2020-04-20	15
MM - Ohio	Dayton Reporter	2232	291934	2020-04-06	1
MM - Georgia	DeKalb GA News	2317	291823	2020-04-22	17
LGIS	DeKalb Times	1388	291345	2020-04-15	10
Metro Business Network	Delaware Business Daily	1638	291305	2020-06-17	73
MM - Ohio	Delaware County Review	2230	291799	2020-04-14	9
MM - Iowa	Des Moines Sun	2052	291885	2020-04-07	2
MM - Michigan	Detroit City Wire	1891	291932	2020-04-06	1
MM - South Carolina	Dorchester Today	2790	291862	2020-04-10	5
MM - Maine	Down East Times	2385	291432	2020-04-16	11
MM - Iowa	Dubuque Times	2057	291391	2020-05-18	43
LGIS	DuPage Policy Journal	1042	291327	2020-04-29	24
MM - North Carolina	Durham Reporter	2142	291898	2020-04-08	3
MM - Florida	Duval Times	1973	291918	2020-04-10	5
MM - Nevada	Eagle Valley Times	2299	291448	2020-04-30	25
MM - Georgia	East Central Georgia News	2313	291515	2020-05-14	39
MM - Iowa	East Central Iowa News	2055	291460	2020-07-20	106
LGIS	East Central Reporter	1193	291321	2020-06-17	73
MM - Texas	East Central Texas News	2280	291673	2020-05-22	47
MM - Texas	East DFW News	2273	291688	2020-05-07	32
MM - New York	East Hudson Valley News	2805	291535	2020-05-26	51
MM - Idaho	East Idaho Times	2679	291526	2020-05-14	39
MM - Indiana	East Indy News	2491	291522	2020-04-22	17
MM - Kentucky	East Kentucky Times	2427	291598	2020-04-30	25
MM - Kentucky	East Louisville News	2431	291499	2020-04-27	22
MM - Michigan	East Michigan News	1896	291485	2020-04-16	11
MM - New Mexico	East New Mexico News	2631	291783	2020-05-17	42
MM - Oklahoma	East OKC News	2776	291583	2020-05-30	55
MM - Oregon	East Oregon News	2667	291671	2020-06-03	59
MM - Florida	East Panhandle News	1999	291781	2020-04-17	12
MM - West Virginia	East Panhandle Times	2644	291510	2020-04-24	19
MM - Oregon	East PDX Today	2664	291576	2020-04-24	19
MM - Kentucky	East Pennyroyal News	2423	291828	2020-04-28	23
MM - Texas	East RGV News	2282	291653	2020-06-12	68
MM - Virginia	Eastern Shore Times	2374	291468	2020-05-19	44
MM - Michigan	Eastern Wayne Today	1895	291928	2020-04-11	6
MM - Indiana	EC Indiana News	2475	291504	2020-05-21	46
MM - Kansas	EC Kansas News	2418	291713	2020-05-28	53
MM - Mississippi	EC Mississippi News	2608	291803	2020-05-06	31
MM - Nebraska	EC Nebraska News	2622	291907	2020-06-12	68
MM - North Carolina	EC North Carolina News	2143	291853	2020-05-15	40
MM - Ohio	EC Ohio News	2195	291375	2020-07-01	87
MM - Oklahoma	EC Oklahoma News	2785	291563	2020-07-01	87
MM - Virginia	EC Virginia News	2358	291494	2020-04-17	12
MM - Wisconsin	EC Wisconsin News	1879	291425	2020-05-04	29
MM - Texas	El Paso Standard	2285	291764	2020-04-23	18
MM - Kentucky	Elizabethtown Times	2428	291610	2020-04-22	17
MM - Indiana	Elkhart Times	2476	291706	2020-04-15	10
MM - Florida	Emerald Coast Times	1979	291744	2020-05-20	45
MM - Pennsylvania	Erie County Times	2095	291596	2020-04-25	20
MM - Ohio	Fairfield Reporter	2227	291528	2020-04-20	15
MM - Texas	Far West Texas News	2289	291810	2020-04-27	22
MM - North Dakota	Fargo Standard	2438	291387	2020-06-16	72
MM - North Carolina	Fayetteville Today	2147	291861	2020-04-21	16
MM - Ohio	Findlay Times	2202	291511	2020-05-20	45
MM - New York	Finger Lakes Today	2804	291728	2020-06-28	84
Metro Business Network	Florida Business Daily	1149	291313	2020-10-23	863
MM - Louisiana	Florida Parish News	2590	291682	2020-04-28	23
MM - Wisconsin	Fon du Lac News	1880	291517	2020-05-10	35
MM - North Carolina	Foothills Review	2145	291837	2020-05-07	32
MM - Texas	Forest Country News	2263	291651	2020-06-03	59
MM - Wisconsin	Fox Cities News	1881	291384	2020-05-17	42
MM - Virginia	Fredericksburg Leader	2360	291811	2020-04-21	16
MM - Indiana	Ft Wayne Times	2479	291446	2020-04-23	18
MM - Texas	Ft Worth Times	2253	291931	2020-04-06	1
LGIS	Galesburg Reporter	1603	291338	2020-05-03	28
MM - Virginia	Gateway Reporter	2359	291396	2020-04-30	25
MM - Michigan	Genesee News	1897	291769	2020-04-23	18
Metro Business Network	Georgia Business Daily	1639	291293	2020-10-23	591
MM - Georgia	Georgia Mountain News	2321	291495	2020-05-10	35
MM - Montana	Glacier Country News	2239	291608	2020-05-30	55
MM - New Jersey	Gloucester Today	2513	291599	2020-04-25	20
MM - Texas	Grayson Times	2291	291698	2020-05-10	35
MM - Wisconsin	Green Bay Reporter	1873	291365	2020-05-23	48
MM - South Carolina	Greenville Leader	2791	291800	2020-04-24	19
MM - North Carolina	Greenville Reporter	2153	291809	2020-04-21	16
LGIS	Grundy Reporter	1539	291346	2020-04-15	10
MM - Mississippi	GTR Times	2610	291724	2020-04-16	11
MM - Tennessee	Hamilton Reporter	2522	291775	2020-04-22	17
MM - Pennsylvania	Happy Valley Times	2092	291544	2020-05-03	28
MM - Maryland	Harford News	1686	291878	2020-04-14	9
Metro Business Network	Hawaii Business Daily	1640	291310	2020-08-20	137
MM - Virginia	Henrico Times	2362	291381	2020-04-18	13
MM - Florida	Hernando Reporter	1980	291753	2020-04-28	23
MM - North Carolina	High Country Times	2154	291820	2020-05-04	29
MM - Texas	Hill Country Chronicle	2250	291812	2020-05-15	40
MM - New Hampshire	Hillsborough Sun	2345	291483	2020-04-20	15
MM - South Carolina	Hilton Head Reporter	2793	291882	2020-04-14	9
MM - Mississippi	Hinds Today	2611	291795	2020-04-14	9
MM - Michigan	Holland Reporter	1898	291359	2020-04-24	19
MM - Hawaii	Honolulu Reporter	2583	291658	2020-05-24	49
MM - Kentucky	Hopkinsville Times	2433	291784	2020-04-23	18
MM - Louisiana	Houma-Thibodaux News	2591	291802	2020-05-06	31
MM - Texas	Houston Republic	2255	291894	2020-04-08	3
MM - Maryland	Howard County News	1687	291900	2020-04-07	2
MM - New Jersey	Hudson Today	2504	291702	2020-04-14	9
MM - West Virginia	Huntington Times	2645	291379	2020-05-01	26
MM - Kansas	Hutch Today	2410	291649	2020-04-28	23
MM - North Carolina	IBX News	2155	291804	2020-07-01	87
Metro Business Network	Idaho Business Daily	1641	291277	2020-10-23	216
Metro Business Network	Illinois Business Daily	1148	291296	2020-10-23	1256
LGIS	Illinois Valley Times	1187	291323	2020-06-03	59
Metro Business Network	Indiana Business Daily	1642	291289	2020-10-23	653
MM - Indiana	Indy Standard	2493	291463	2020-04-20	15
Metro Business Network	Iowa Business Daily	1405	291283	2020-10-23	982
MM - Iowa	Iowa City Today	2059	291763	2020-04-15	10
MM - Kentucky	Jackson Purchase News	2436	291540	2020-05-15	40
MM - Missouri	Jefferson City News	2126	291737	2020-04-28	23
MM - Missouri	Jefferson County Times	2125	291880	2020-04-25	20
MM - Kansas	Joco Today	2412	291776	2020-04-24	19
MM - Tennessee	Johnson City Times	2527	291757	2020-04-24	19
MM - North Carolina	Johnston Reporter	2156	291814	2020-04-16	11
MM - Michigan	Kalamazoo Times	1899	291443	2020-04-18	13
LGIS	Kane County Reporter	1236	291343	2020-04-28	23
LGIS	Kankakee Times	1163	291328	2020-05-14	39
Metro Business Network	Kansas Business Daily	1643	291307	2020-10-23	654
MM - Hawaii	Kauai Sun	2585	291715	2020-04-26	21
LGIS	Kendall County Times	1540	291320	2020-04-13	8
MM - Wisconsin	Kenosha Reporter	1875	291621	2020-04-11	6
MM - Rhode Island	Kent County Times	2447	291817	2020-04-06	1
MM - Delaware	Kent County Today	1958	291616	2020-04-30	25
MM - Indiana	Kentuckiana Times	2481	291762	2020-05-07	32
Metro Business Network	Kentucky Business Daily	1644	291294	2020-10-23	488
MM - Florida	Key West Reporter	2026	291850	2020-04-18	13
Metro Business Network	Keystone Business News	655	291285	2020-10-23	1655
MM - Tennessee	Kingsport Reporter	2532	291767	2020-04-19	14
MM - Washington	Kitsap Review	1974	291842	2020-05-01	26
MM - Tennessee	Knox Times	2520	291922	2020-04-09	4
MM - Indiana	Kokomo Standard	2482	291681	2020-05-15	40
MM - Louisiana	Lafayette Reporter	2594	291556	2020-04-22	17
MM - Indiana	Lafayette Times	2483	291458	2020-05-14	39
LGIS	Lake County Gazette	1160	291274	2020-05-27	52
MM - Ohio	Lake County Times	2215	291466	2020-04-24	19
MM - Oregon	Lane County News	2668	291686	2020-04-15	10
MM - Michigan	Lansing Sun	1926	291397	2020-05-08	33
MM - Texas	Laredo Times	2288	291654	2020-05-03	28
MM - Nevada	Las Vegas Record	2301	291925	2020-04-06	1
MM - Pennsylvania	Laurel Highlands Today	2087	291467	2020-06-11	67
MM - Kansas	Lawrence Reporter	2403	291926	2020-04-09	4
MM - Pennsylvania	Lawrence Times	2085	291539	2020-04-21	16
MM - Pennsylvania	Lebanon PA News	2035	291790	2020-04-26	21
MM - Pennsylvania	Lehigh Times	2075	291597	2020-04-27	22
MM - Maine	Lewiston Times	2384	291924	2020-04-10	5
MM - Ohio	Licking Today	2228	291725	2020-05-03	28
MM - Ohio	Lima Reporter	2201	291431	2020-05-12	37
MM - Kansas	Little Apple Times	2405	291699	2020-05-31	56
MM - Michigan	Livingston Today	1905	291410	2020-04-10	5
MM - Texas	Longview Times	2287	291751	2020-04-30	25
Metro Business Network	Louisiana Business Daily	1645	291298	2020-10-23	463
MM - Kentucky	Louisville City Wire	2435	291500	2020-06-19	75
MM - South Carolina	Lower West SC News	2798	291708	2020-05-08	33
MM - Texas	Lubbock Times	2286	291685	2020-04-20	15
MM - Pennsylvania	Luzerne Times	2074	291416	2020-06-06	62
MM - Pennsylvania	Lycoming News	2073	291476	2020-05-03	28
MM - Virginia	Lynchburg Reporter	2363	291747	2020-04-19	14
LGIS	Macon Reporter	1387	291344	2020-04-29	24
MM - Georgia	Macon Times	2322	291486	2020-04-26	21
MM - Wisconsin	Madison Reporter	1872	291389	2020-05-02	27
MM - Idaho	Magic Valley Times	2682	291445	2020-05-18	43
Metro Business Network	Maine Business Daily	1646	291279	2020-08-10	127
MM - Maine	Maine Highlands News	2383	291904	2020-04-19	14
MM - Maine	Maine Lakes News	2382	291461	2020-04-15	10
MM - Florida	Manatee Review	1982	291716	2020-04-28	23
MM - Ohio	Mansfield Times	2200	291788	2020-05-02	27
MM - Ohio	Marion-Morrow Times	2229	291665	2020-04-22	17
Metro Business Network	Maryland Business Daily	1647	291284	2020-10-23	385
Metro Business Network	Massachusetts Business Daily	1648	291302	2020-10-23	224
MM - Hawaii	Maui Reporter	2586	291778	2020-04-30	25
LGIS	McHenry Times	1161	291330	2020-05-03	28
LGIS	McLean County Times	1386	291349	2020-05-10	35
MM - Ohio	Medina Today	2214	291550	2020-04-15	10
MM - Tennessee	Memphis Standard	2519	291919	2020-04-06	1
MM - New Jersey	Mercer Times	2511	291561	2020-04-18	13
MM - Massachusetts	Merrimack Valley News	2764	291632	2020-04-18	13
LGIS	Metro East Sun	1162	291325	2020-06-04	60
MM - Kentucky	Metro Lex News	2420	291548	2020-04-08	3
MM - Massachusetts	Metro West Times	2765	291929	2020-04-07	2
MM - Florida	Miami Courant	1983	291923	2020-04-06	1
Metro Business Network	Michigan Business Daily	1657	291273	2020-10-23	661
MM - Oregon	Mid Coast Times	2669	291527	2020-05-15	40
MM - Maine	Mid Coast Today	2381	291411	2020-04-21	16
MM - Massachusetts	Mid Massachusetts News	2762	291607	2020-04-20	15
MM - Oregon	Mid Valley Reporter	2673	291524	2020-05-16	41
MM - Wisconsin	Milwaukee City Wire	1865	291913	2020-04-06	1
Metro Business Network	Minnesota Business Daily	1649	291316	2020-10-23	887
Metro Business Network	Mississippi Business Daily	1674	291304	2020-10-23	344
MM - Mississippi	Mississippi Gulf News	2612	291680	2020-05-08	33
Metro Business Network	Missouri Business Daily	1651	291306	2020-10-23	970
MM - New York	Mohawk Valley Times	2807	291564	2020-06-08	64
MM - New Jersey	Monmouth Times	2505	291560	2020-06-03	59
MM - Pennsylvania	Monroe County News	2071	291801	2020-04-20	15
MM - New York	Monroe NY News	2808	291732	2020-04-23	18
MM - Michigan	Monroe Review	1906	291363	2020-04-20	15
Metro Business Network	Montana Business Daily	1652	291301	2020-10-23	341
MM - Maryland	Montgomery News	1689	291520	2020-05-15	40
MM - New Jersey	Morris Leader	2509	291648	2020-05-02	27
MM - Tennessee	Morristown Times	2539	291830	2020-04-12	7
MM - Washington	Moses Lake Today	1972	291722	2020-04-26	21
MM - Indiana	Muncie Reporter	2484	291453	2020-04-15	10
MM - Michigan	Muskegon Sun	1907	291368	2020-04-18	13
MM - South Carolina	Myrtle Beach Leader	2795	291860	2020-04-21	16
MM - North Carolina	Nantahala News	2159	291846	2020-04-21	16
MM - Florida	Naples Standard	1971	291815	2020-04-21	16
MM - Tennessee	Nashville Standard	2518	291905	2020-04-10	5
MM - New York	Nassau Standard	2809	291568	2020-08-08	125
MM - Florida	Nature Coast Times	1985	291735	2020-05-05	30
MM - Florida	NC Florida News	1987	291745	2020-04-26	21
MM - Georgia	NC Georgia News	2323	291537	2020-05-07	32
MM - Indiana	NC Indiana News	2480	291488	2020-05-25	50
MM - Kansas	NC Kansas News	2413	291672	2020-06-24	80
MM - Kentucky	NC Kentucky News	2443	291552	2020-04-24	19
MM - Massachusetts	NC Massachusetts News	2761	291668	2020-04-14	9
MM - Minnesota	NC Minnesota News	2097	291858	2020-05-04	29
MM - Mississippi	NC Mississippi News	2614	291647	2020-05-08	33
MM - North Carolina	NC North Carolina News	2161	291844	2020-04-18	13
MM - Oklahoma	NC Oklahoma News	2774	291588	2020-05-22	47
MM - South Carolina	NC South Carolina Times	2796	291701	2020-05-09	34
MM - Tennessee	NC Tennessee News	2536	291683	2020-04-27	22
MM - Vermont	NC Vermont News	2338	291455	2020-04-25	20
MM - West Virginia	NC West Virginia News	2647	291361	2020-06-13	69
MM - Wisconsin	NC Wisconsin News	1882	291360	2020-05-14	39
MM - North Dakota	ND North News	2440	291382	2020-06-12	68
MM - Georgia	NE Atlanta News	2308	291899	2020-04-11	6
MM - Florida	NE Florida News	1986	291719	2020-04-11	6
MM - Indiana	NE Indiana News	2478	291487	2020-04-30	25
MM - Iowa	NE Iowa News	2061	291503	2020-06-01	57
MM - Missouri	NE Kansas City News	2121	291645	2020-05-13	38
MM - Kansas	NE Kansas News	2411	291709	2020-05-06	31
MM - Kentucky	NE Kentucky News	2425	291492	2020-05-06	31
MM - Louisiana	NE Louisiana News	2607	291584	2020-05-17	42
MM - Mississippi	NE Mississippi News	2613	291636	2020-05-20	45
MM - Missouri	NE Missouri News	2113	291624	2020-06-29	85
MM - Tennessee	NE Nashville News	2524	291677	2020-04-24	19
MM - Nebraska	NE Nebraska News	2625	291909	2020-06-25	81
MM - New Mexico	NE New Mexico News	2632	291541	2020-05-25	50
MM - New York	NE New York Today	2812	291582	2020-05-08	33
MM - North Dakota	NE North Dakota News	2439	291569	2020-06-26	82
MM - Ohio	NE Ohio Times	2213	291825	2020-04-23	18
MM - Oklahoma	NE Oklahoma News	2784	291566	2020-06-11	67
MM - North Carolina	NE Piedmont News	2160	291855	2020-04-17	12
MM - Vermont	NE Vermont News	2337	291721	2020-05-02	27
MM - Washington	NE Washington News	1970	291712	2020-05-19	44
MM - Wisconsin	NE Wisconsin News	1883	291275	2020-05-06	31
MM - Wyoming	NE Wyoming News	2390	291491	2020-04-27	22
Metro Business Network	Nebraska Business Daily	1653	291317	2020-10-23	565
MM - Nebraska	Nebraska Panhandle News	2623	291914	2020-05-14	39
Metro Business Network	Nevada Business Daily	1654	291290	2020-08-03	120
Metro Business Network	New Hampshire Business Daily	1655	291286	2020-07-09	95
Metro Business Network	New Jersey Business Daily	1656	291299	2020-10-23	523
Metro Business Network	New Mexico Business Daily	1658	291288	2020-10-23	390
MM - Virginia	New River Valley Times	2364	291827	2020-05-02	27
Metro Business Network	New York Business Daily	1659	291297	2020-10-23	1132
MM - New Jersey	Newark Reporter	2497	291915	2020-04-06	1
MM - New York	Niagara Leader	2810	291595	2020-04-19	14
MM - Louisiana	Nola Reporter	2595	291741	2020-04-12	7
MM - Texas	Nortex Times	2281	291678	2020-05-22	47
MM - Louisiana	North Acadiana News	2596	291692	2020-04-29	24
MM - Kentucky	North Bluegrass News	2429	291833	2020-04-15	10
MM - Massachusetts	North Boston News	2763	291864	2020-04-26	21
Metro Business Network	North Carolina Business Daily	1660	291314	2020-10-23	714
MM - Pennsylvania	North Central PA Times	2070	291462	2020-06-24	80
MM - Oregon	North Coast Today	2674	291618	2020-05-05	30
MM - Texas	North Coastal News	2296	291679	2020-05-20	45
LGIS	North Cook News	1159	291332	2020-05-10	35
MM - New York	North Country Leader	2811	291565	2020-06-17	73
Metro Business Network	North Dakota Business Daily	1599	291281	2020-10-23	392
LGIS	North Egypt News	1602	291319	2020-04-27	22
MM - Idaho	North Idaho Times	2680	291385	2020-05-27	52
MM - Indiana	North Indy News	2487	291444	2020-04-30	25
MM - Iowa	North Iowa Reporter	2063	291428	2020-07-04	90
MM - Kentucky	North Kentucky News	2421	291512	2020-05-29	54
MM - Tennessee	North Knoxville News	2538	291620	2020-04-28	23
MM - Michigan	North Michigan News	1909	291366	2020-07-31	117
MM - Nevada	North Nevada News	2300	291502	2020-05-10	35
MM - Oklahoma	North OKC News	2773	291902	2020-04-20	15
MM - Nebraska	North Omaha Times	2626	291912	2020-04-23	18
MM - Florida	North Panhandle News	2001	291787	2020-04-27	22
MM - West Virginia	North Panhandle Times	2648	291383	2020-05-07	32
MM - Pennsylvania	North Pocono News	2056	291506	2020-04-30	25
MM - Virginia	North Richmond Today	2365	291916	2020-04-09	4
MM - Virginia	North Shenandoah News	2368	291388	2020-04-29	24
MM - Louisiana	North Shore Louisiana News	2606	291821	2020-04-15	10
MM - Virginia	North Tidewater News	2366	291886	2020-04-09	4
MM - North Carolina	North Triangle News	2180	291793	2020-04-18	13
MM - Oklahoma	North Tulsa Today	2782	291589	2020-05-15	40
MM - Utah	North Utah News	2654	291478	2020-05-21	46
MM - Montana	Northeast Montana News	2118	291581	2020-05-07	32
MM - South Dakota	Northeast South Dakota News	2453	291843	2020-07-12	98
MM - Virginia	Northern Neck Times	2367	291469	2020-04-13	8
MM - Pennsylvania	Northern Tier News	2054	291429	2020-06-13	69
MM - Pennsylvania	Northhampton News	2053	291940	2020-04-06	1
MM - Montana	Northwest Montana News	2116	291601	2020-05-19	44
MM - Pennsylvania	Northwest PA News	2051	291405	2020-05-31	56
MM - Wisconsin	Northwoods Reporter	1886	291380	2020-06-19	75
MM - Georgia	NW Atlanta News	2309	291530	2020-04-21	16
MM - Georgia	NW Georgia News	2324	291731	2020-04-29	24
LGIS	NW Illinois News	1389	291333	2020-06-08	64
MM - Iowa	NW Iowa News	2064	291516	2020-06-12	68
MM - New Jersey	NW Jersey News	2515	291655	2020-06-08	64
MM - Kansas	NW Kansas News	2414	291633	2020-06-24	80
MM - Kentucky	NW Kentucky News	2422	291575	2020-05-23	48
MM - Louisiana	NW Louisiana News	2597	291748	2020-05-11	36
MM - Minnesota	NW Minnesota News	2100	291857	2020-06-09	65
MM - Mississippi	NW Mississippi News	2615	291780	2020-05-02	27
MM - Missouri	NW Missouri Times	2112	291631	2020-07-19	105
MM - New Mexico	NW New Mexico News	2633	291449	2020-05-26	51
MM - Ohio	NW Ohio Times	2199	291521	2020-06-03	59
MM - Oklahoma	NW Oklahoma News	2775	291600	2020-06-18	74
MM - Tennessee	NW Tennessee News	2531	291594	2020-05-22	47
MM - Minnesota	NW Twin Cities	2091	291870	2020-04-30	25
MM - Washington	NW Washington News	1976	291831	2020-05-10	35
MM - Wyoming	NW Wyoming News	2391	291497	2020-05-11	36
MM - New York	NYC Gazette	2813	291750	2020-04-15	10
MM - Florida	Ocala Standard	1990	291881	2020-04-11	6
MM - New Jersey	Ocean County Leader	2506	291789	2020-05-14	39
Metro Business Network	Ohio Business Daily	1632	291282	2020-10-23	1134
MM - West Virginia	Ohio Valley Times	2646	291498	2020-05-01	26
MM - Oklahoma	OKC Standard	2772	291640	2020-04-06	1
Metro Business Network	Oklahoma Business Daily	1661	291300	2020-10-23	703
MM - Washington	Olympic Times	1966	291772	2020-05-17	42
MM - Nebraska	Omaha Record	2621	291927	2020-04-06	1
MM - New York	Oneida Times	2814	291532	2020-05-02	27
MM - North Carolina	Onslow News	2149	291879	2020-04-14	9
Metro Business Network	Oregon Business Daily	1662	291295	2020-10-23	359
MM - North Carolina	Outer Banks Times	2168	291848	2020-05-12	37
MM - Mississippi	Oxford Reporter	2609	291765	2020-04-26	21
MM - Wisconsin	Ozaukee County News	1869	291531	2020-04-14	9
MM - Florida	Palm Coast Times	1995	291796	2020-04-29	24
Metro Business Network	Palmetto Business Daily	1120	291312	2020-10-23	382
MM - Florida	Panama City Reporter	1997	291786	2020-04-22	17
MM - Texas	Panhandle Times	2260	291759	2020-05-30	55
MM - Florida	Pasco Reporter	2003	291717	2020-05-08	33
MM - New Jersey	Passaic News	2508	291590	2020-04-19	14
MM - South Carolina	Pee Dee News	2797	291818	2020-05-07	32
MM - Florida	Pensacola Times	2005	291791	2020-04-17	12
LGIS	Peoria Standard	1189	291322	2020-07-17	103
MM - Texas	Petroplex News	2276	291694	2020-05-05	30
MM - Pennsylvania	Philly Leader	1981	291930	2020-04-06	1
MM - Washington	Pierce Today	1932	291704	2020-06-07	63
MM - Mississippi	Pine Belt Times	2616	291738	2020-05-05	30
MM - North Carolina	Pinehurst Today	2169	291829	2020-04-22	17
MM - Pennsylvania	Pittsburgh Review	2028	291891	2020-04-08	3
MM - Missouri	Platte News	2119	291740	2020-04-22	17
MM - Massachusetts	Plymouth Reporter	2767	291711	2020-05-01	26
MM - Idaho	Pocatello Times	2681	291414	2020-04-30	25
MM - Florida	Polk Times	2007	291756	2020-05-11	36
MM - Ohio	Portage Times	2190	291457	2020-04-17	12
MM - Oregon	Portland Courant	2663	291897	2020-04-07	2
MM - Maine	Portland Maine News	2387	291386	2020-04-28	23
MM - Virginia	Prince William Reporter	2370	291371	2020-05-01	26
MM - Rhode Island	Providence Reporter	2448	291644	2020-04-20	15
LGIS	Quincy Reporter	1601	291347	2020-04-18	13
MM - Wisconsin	Racine Sun	1874	291390	2020-04-21	16
MM - North Carolina	Randolph County News	2170	291872	2020-04-14	9
MM - Nevada	Reno Reporter	2297	291892	2020-04-06	1
Metro Business Network	Rhode Island Business Daily	1663	291308	2020-05-07	32
MM - Virginia	Richmond Leader	2357	291876	2020-04-07	2
MM - Iowa	River Bend Times	2065	291454	2020-05-22	47
MM - Louisiana	River Parish News	2598	291714	2020-05-10	35
MM - Maine	River Valley Today	2380	291418	2020-04-23	18
MM - Virginia	Roanoke Sun	2371	291507	2020-05-02	27
MM - New York	Rochester Reporter	2815	291733	2020-05-05	30
LGIS	Rock Island Today	1188	291329	2020-05-13	38
LGIS	Rockford Sun	1384	291334	2020-04-24	19
MM - New Hampshire	Rockingham Times	2343	291873	2020-04-16	11
MM - New York	Rockland Reporter	2816	291659	2020-05-09	34
MM - North Carolina	Rocky Mount Today	2171	291816	2020-05-06	31
MM - Georgia	Rome Reporter	2325	291774	2020-04-21	16
MM - North Carolina	Rowan News	2172	291887	2020-04-15	10
MM - Tennessee	Rutherford Times	2521	291766	2020-04-10	5
MM - Texas	San Antonio Corridor News	2290	291642	2020-04-24	19
MM - Texas	San Antonio Standard	2257	291798	2020-04-10	5
MM - Nebraska	Sandhills Today	2624	291911	2020-06-19	75
MM - New Mexico	Sandoval News	2634	291440	2020-04-23	18
LGIS	Sangamon Sun	1186	291337	2020-05-19	44
MM - New Mexico	Santa Fe Standard	2635	291505	2020-05-10	35
MM - Florida	Sarasota Review	2008	291807	2020-04-30	25
MM - New York	Saratoga Standard	2817	291611	2020-05-06	31
MM - Georgia	Savannah Standard	2326	291562	2020-04-28	23
MM - Kansas	SC Kansas News	2416	291639	2020-06-10	66
MM - South Carolina	SC Midland News	2794	291736	2020-05-21	46
MM - Minnesota	SC Minnesota News	2089	291854	2020-06-09	65
MM - Mississippi	SC Mississippi News	2617	291777	2020-05-09	34
MM - Missouri	SC Missouri News	2110	291627	2020-05-28	53
MM - Nebraska	SC Nebraska News	2629	291910	2020-08-15	132
MM - New York	SC New York News	2818	291586	2020-06-10	66
MM - Oklahoma	SC Oklahoma News	2779	291592	2020-05-19	44
MM - Tennessee	SC Tennessee News	2528	291602	2020-05-01	26
MM - Texas	SC Texas News	2268	291661	2020-05-07	32
MM - Vermont	SC Vermont News	2339	291459	2020-05-14	39
MM - Virginia	SC Virginia News	2377	291374	2020-05-07	32
MM - Wisconsin	SC Wisconsin News	1878	291352	2020-05-19	44
MM - Pennsylvania	Scranton Reporter	2048	291612	2020-04-29	24
MM - Georgia	SE Atlanta News	2310	291674	2020-04-28	23
MM - Kentucky	SE Bluegrass News	2424	291547	2020-04-19	14
MM - Colorado	SE Colorado News	2468	291917	2020-04-08	3
MM - Georgia	SE Georgia News	2327	291710	2020-05-10	35
MM - Michigan	SE Grand Rapids News	1903	291364	2020-04-24	19
LGIS	SE Illinois News	1238	291341	2020-05-13	38
MM - Indiana	SE Indiana News	2473	291577	2020-05-20	45
MM - Iowa	SE Iowa News	2067	291441	2020-05-24	49
MM - Kansas	SE Kansas News	2415	291656	2020-07-02	88
MM - Kentucky	SE Kentucky News	2444	291557	2020-05-18	43
MM - Minnesota	SE Minnesota News	2081	291839	2020-06-14	70
MM - Missouri	SE Missouri News	2109	291623	2020-06-02	58
MM - Nebraska	SE Nebraska News	2628	291908	2020-08-19	136
MM - North Carolina	SE North Carolina News	2173	291794	2020-05-19	44
MM - Ohio	SE Ohio Times	2197	291439	2020-06-14	70
MM - Oklahoma	SE Oklahoma News	2778	291635	2020-06-07	63
MM - Tennessee	SE Tennessee News	2534	291646	2020-04-26	21
MM - Texas	SE Texas Times	2270	291718	2020-04-28	23
MM - Minnesota	SE Twin Cities	2093	291838	2020-04-30	25
MM - Washington	SE Washington News	1964	291700	2020-06-03	59
MM - Wyoming	SE Wyoming News	2392	291427	2020-05-08	33
MM - Washington	Seattle City Wire	1959	291889	2020-04-06	1
MM - Pennsylvania	Shenango Valley News	2045	291519	2020-04-23	18
MM - Michigan	Shiawassee Times	1914	291606	2020-04-17	12
MM - Louisiana	Shreveport Reporter	2599	291739	2020-05-05	30
MM - Iowa	Sioux City Times	2066	291480	2020-06-05	61
MM - South Dakota	Sioux Empire Today	2452	291836	2020-05-29	54
MM - Tennessee	Smoky Mountain Today	2537	291669	2020-04-17	12
MM - New Jersey	Somerset Times	2512	291558	2020-05-08	33
MM - New Mexico	South ABQ News	2637	291482	2020-05-28	53
MM - North Carolina	South Asheville News	2174	291868	2020-04-24	19
MM - Georgia	South Atlanta News	2311	291523	2020-04-23	18
MM - Indiana	South Bend Times	2492	291697	2020-04-15	10
MM - Pennsylvania	South Central PA News	2043	291408	2020-05-16	41
LGIS	South Central Reporter	1604	291331	2020-07-15	101
MM - Oregon	South Coast Times	2670	291509	2020-05-15	40
LGIS	South Cook News	1385	291324	2020-05-26	51
MM - Rhode Island	South County Times	2445	291638	2020-04-21	16
MM - Tennessee	South Cumberland News	2529	291630	2020-05-10	35
Metro Business Network	South Dakota Business Daily	1600	291315	2020-10-23	363
MM - Iowa	South DSM News	2047	291438	2020-05-05	30
MM - Georgia	South Georgia Times	2328	291570	2020-06-04	60
MM - Indiana	South Indy News	2490	291542	2020-04-21	16
MM - Iowa	South Iowa News	2068	291420	2020-07-03	89
MM - New Jersey	South Jersey Sun	2516	291580	2020-05-17	42
MM - Missouri	South KC News	2115	291742	2020-05-03	28
MM - Tennessee	South Knoxville News	2526	291650	2020-04-21	16
MM - Florida	South Lake Today	2010	291851	2020-04-07	2
MM - Louisiana	South Louisiana News	2600	291852	2020-04-28	23
MM - Maine	South Maine News	2379	291373	2020-04-20	15
MM - Michigan	South Michigan News	1915	291573	2020-05-08	33
MM - North Carolina	South North Carolina News	2178	291826	2020-05-25	50
MM - Ohio	South Ohio News	2196	291377	2020-06-26	82
MM - Oklahoma	South OKC News	2777	291572	2020-05-08	33
MM - Nebraska	South Omaha Times	2627	291921	2020-04-15	10
MM - Oregon	South Oregon News	2671	291574	2020-05-13	38
MM - Washington	South Sound Times	1968	291675	2020-05-08	33
MM - Virginia	South Tidewater News	2376	291424	2020-04-24	19
MM - North Carolina	South Triangle News	2181	291896	2020-04-20	15
MM - Oklahoma	South Tulsa Today	2783	291613	2020-05-27	52
MM - Utah	South Utah News	2655	291609	2020-06-06	62
MM - Vermont	South Vermont News	2340	291508	2020-04-24	19
MM - Montana	Southeast Montana News	2120	291605	2020-05-13	38
MM - South Dakota	Southeast South Dakota News	2451	291832	2020-05-29	54
LGIS	Southern Illinois News	1605	291348	2020-05-03	28
MM - Indiana	Southern Indiana Today	2486	291593	2020-05-02	27
MM - West Virginia	Southern West Virginia News	2649	291394	2020-06-24	80
MM - Wisconsin	Southern Wisconsin Times	1871	291895	2020-04-21	16
MM - Virginia	Southside VA News	2375	291617	2020-05-05	30
MM - Montana	Southwest Montana News	2122	291622	2020-05-15	40
MM - Pennsylvania	Southwest PA News	2042	291426	2020-06-23	79
MM - South Carolina	Spartanburg Reporter	2799	291726	2020-05-14	39
MM - Washington	Spokane Standard	1960	291875	2020-04-06	1
MM - Massachusetts	Springfield Record	2759	291696	2020-04-16	11
MM - Missouri	Springfield Standard	2107	291690	2020-05-08	33
MM - Missouri	St. Charles Times	2138	291884	2020-04-07	2
MM - Minnesota	St. Cloud Sun	2084	291840	2020-05-14	39
MM - Michigan	St. Joe-Benton Harbor News	1908	291514	2020-05-13	38
MM - New Hampshire	Strafford News	2344	291866	2020-04-12	7
MM - Michigan	Sturgis-Coldwater News	1920	291419	2020-04-17	12
MM - New York	Suffolk Reporter	2820	291551	2020-08-30	147
MM - Florida	Sumter Times	2017	291770	2020-04-12	7
MM - Delaware	Sussex Review	1957	291874	2020-05-01	26
MM - Kentucky	SW Bluegrass News	2432	291707	2020-04-17	12
MM - Georgia	SW Georgia News	2331	291591	2020-05-05	30
LGIS	SW Illinois News	1192	291336	2020-04-27	22
MM - Indiana	SW Indiana News	2477	291805	2020-04-30	25
MM - Iowa	SW Iowa Times	2069	291422	2020-06-27	83
MM - Kansas	SW Kansas News	2417	291666	2020-05-20	45
MM - Louisiana	SW Louisiana News	2605	291643	2020-05-01	26
MM - Minnesota	SW Minnesota Today	2090	291845	2020-07-29	115
MM - Mississippi	SW Mississippi News	2618	291626	2020-04-30	25
MM - Missouri	SW Missouri News	2123	291723	2020-06-22	78
MM - New Mexico	SW New Mexico News	2638	291465	2020-06-22	78
MM - Oklahoma	SW Oklahoma News	2780	291619	2020-07-06	92
MM - Tennessee	SW Tennessee News	2530	291662	2020-05-14	39
MM - Virginia	SW Virginia News	2373	291378	2020-06-09	65
MM - Wisconsin	SW Wisconsin News	1876	291356	2020-07-09	95
MM - Wyoming	SW Wyoming News	2393	291543	2020-05-30	55
MM - New York	Syracuse Sun	2821	291625	2020-05-28	53
MM - Florida	Tallahassee Sun	2018	291746	2020-04-26	21
Metro Business Network	Tennessee Business Daily	1675	291303	2020-10-23	402
Metro Business Network	Texas Business Daily	1287	291309	2020-10-23	1602
MM - Indiana	The Region News	2488	291501	2020-06-08	64
MM - Michigan	Thumb Reporter	1921	291351	2020-05-29	54
MM - Kansas	Topeka Sun	2404	291693	2020-05-06	31
MM - Florida	Treasure Coast Sun	2014	291758	2020-05-05	30
MM - Idaho	Treasure Valley Times	2683	291392	2020-04-21	16
MM - Washington	Tri Cities Reporter	1952	291771	2020-04-16	11
MM - Ohio	Tri County News	2236	291407	2020-05-24	49
MM - Michigan	Tri-City Sun	1922	291357	2020-05-08	33
MM - Ohio	Trumball News	2203	291421	2020-05-01	26
MM - Oklahoma	Tulsa Standard	2781	291808	2020-04-18	13
MM - Ohio	Tuscarawas News	2194	291372	2020-04-24	19
MM - Texas	Tyler Reporter	2259	291667	2020-05-13	38
MM - New Jersey	Union County Review	2507	291727	2020-04-19	14
MM - North Carolina	Union News	2182	291813	2020-05-04	29
MM - Michigan	UP Gazette	1923	291353	2020-06-04	60
MM - Tennessee	Upper Cumberland Times	2523	291614	2020-05-12	37
MM - Texas	Upper East Texas News	2256	291695	2020-05-24	49
MM - South Carolina	Upper West SC News	2792	291782	2020-05-15	40
MM - South Carolina	Upstate SC News	2800	291768	2020-05-04	29
Metro Business Network	Utah Business Daily	1666	291292	2020-10-23	301
MM - Utah	Utah Valley Times	2656	291489	2020-05-05	30
MM - Washington	Vancouver Reporter	1950	291684	2020-05-03	28
Metro Business Network	Vermont Business Daily	1667	291291	2020-07-31	117
MM - Indiana	Vincennes Today	2495	291493	2020-04-30	25
Metro Business Network	Virginia Business Daily	1668	291280	2020-10-23	559
MM - Texas	Waco Reporter	2254	291676	2020-05-20	45
MM - Georgia	Warner Robins Today	2332	291663	2020-04-13	8
MM - Ohio	Warren-Clinton News	2221	291464	2020-05-01	26
Metro Business Network	Washington Business Daily	1669	291311	2020-10-23	580
MM - Wisconsin	Washington County Times	1870	291473	2020-04-13	8
Metro Business Network	Washington D.C. Business Daily	1670	291318	2020-04-06	1
MM - Washington	Washington Isle News	1949	291761	2020-04-12	7
MM - Utah	Wastach News	2657	291490	2020-05-14	39
MM - Iowa	Waterloo Times	2058	291435	2020-04-26	21
MM - Wisconsin	Waukesha County Times	1868	291525	2020-04-30	25
MM - Ohio	Wayne County Today	2204	291436	2020-04-21	16
MM - Georgia	WC Georgia News	2333	291536	2020-05-04	29
MM - Indiana	WC Indiana News	2485	291554	2020-05-14	39
MM - Iowa	WC Iowa News	2062	291398	2020-06-11	67
MM - Minnesota	WC Minnesota News	2082	291849	2020-08-10	127
MM - Mississippi	WC Mississippi News	2619	291615	2020-05-20	45
MM - Missouri	WC Missouri News	2103	291442	2020-07-04	90
MM - New Mexico	WC New Mexico News	2639	291433	2020-05-17	42
MM - Texas	WC Texas News	2252	291691	2020-05-27	52
MM - Wisconsin	WC Wisconsin News	1887	291358	2020-06-18	74
MM - Utah	Weber Times	2658	291496	2020-04-22	17
MM - Washington	Wenatchee Times	1945	291785	2020-04-23	18
MM - Georgia	West Atlanta News	2312	291920	2020-04-09	4
MM - Michigan	West Central Michigan News	1924	291430	2020-05-05	30
MM - Pennsylvania	West Central PA News	2037	291434	2020-05-31	56
LGIS	West Central Reporter	1199	291326	2020-06-17	73
LGIS	West Cook News	1191	291342	2020-05-05	30
MM - Texas	West DFW News	2278	291689	2020-05-02	27
MM - New York	West Hudson Valley News	2806	291529	2020-07-08	94
MM - Indiana	West Indy News	2489	291752	2020-04-24	19
MM - Massachusetts	West Massachusetts News	2760	291687	2020-04-30	25
MM - Virginia	West Nova News	2369	291399	2020-05-11	36
MM - New York	West NY News	2823	291534	2020-06-29	85
MM - Oregon	West PDX Today	2665	291641	2020-04-26	21
MM - Kentucky	West Pennyroyal News	2426	291773	2020-05-01	26
MM - Texas	West RGV News	2248	291652	2020-07-02	88
MM - Texas	West Texas News	2246	291754	2020-05-16	41
MM - Minnesota	West Twin Cities	2094	291856	2020-04-24	19
Metro Business Network	West Virginia Business Daily	1816	291278	2020-10-23	389
MM - Louisiana	Westbank Louisiana News	2601	291567	2020-05-02	27
MM - New York	Westchester Reporter	2822	291533	2020-05-24	49
MM - North Dakota	Western ND News	2441	291447	2020-06-08	64
MM - South Dakota	Western South Dakota News	2450	291847	2020-06-11	67
MM - Pennsylvania	Westmoreland Review	2039	291402	2020-06-06	62
MM - Wisconsin	Whitewater Times	1884	291406	2020-05-02	27
MM - Kansas	Wichita Standard	2406	291730	2020-04-06	1
LGIS	Will County Gazette	1237	291335	2020-05-04	29
MM - Virginia	Williamsburg Sun	2361	291367	2020-04-08	3
MM - Tennessee	WIlliamson News	2533	291822	2020-04-10	5
MM - North Carolina	Winston Salem Times	2150	291859	2020-04-13	8
MM - Texas	Winter Garden Today	2242	291835	2020-05-10	35
Metro Business Network	Wisconsin Business Daily	1671	291276	2020-10-23	743
MM - West Virginia	WV Heartland News	2650	291456	2020-04-30	25
MM - Kansas	Wyandotte Times	2402	291936	2020-04-07	2
Metro Business Network	Wyoming Business Daily	1672	291287	2020-09-29	177
MM - Washington	Yakima Times	1940	291664	2020-05-25	50
MM - Montana	Yellowstone Times	2124	291637	2020-05-20	45
MM - Pennsylvania	York County News	2033	291409	2020-05-26	51
MM - Ohio	Youngstown Times	2205	291579	2020-05-09	34
