MM - Texas	Abilene Times	2241	295130	2020-04-21	16
MM - New Mexico	ABQ Times	2636	295125	2020-04-12	7
MM - South Carolina	Aiken Times	2787	295041	2020-04-24	19
MM - Ohio	Akron Reporter	2187	295289	2020-04-06	1
MM - Georgia	Albany Standard	2307	294929	2020-04-23	18
MM - West Virginia	Allegheny Highlands Today	2641	294740	2020-04-22	17
MM - Pennsylvania	Altoona Times	2040	295042	2020-04-25	20
MM - Texas	Amarillo Gazette	2243	295113	2020-04-14	9
MM - Iowa	Ames Today	2044	295242	2020-04-13	8
MM - Indiana	Anderson Reporter	2471	295129	2020-04-16	11
MM - Michigan	Ann Arbor Times	1889	294699	2020-04-12	7
MM - Maryland	Anne Arundel Today	1684	295203	2020-04-19	14
MM - Minnesota	Anoka Times	2080	295225	2020-04-21	16
MM - Maine	Aroostook News	2386	295031	2020-04-14	9
MM - North Carolina	Asheville Reporter	2140	295111	2020-04-22	17
MM - Georgia	Athens Reporter	2335	294836	2020-05-04	29
MM - Georgia	ATL Standard	2318	295286	2020-04-06	1
MM - New Jersey	Atlantic County Times	2514	295102	2020-04-27	22
MM - Maryland	Baltimore City Wire	1685	295245	2020-04-06	1
MM - Louisiana	Baton Rouge Reporter	2588	294846	2020-05-10	35
MM - Michigan	Battle Creek Times	1890	294998	2020-04-13	8
MM - Massachusetts	Bean Town Times	2769	295240	2020-04-09	4
MM - Pennsylvania	Beaver County News	2111	294844	2020-05-01	26
MM - South Carolina	Berkeley Leader	2788	295222	2020-04-14	9
MM - Pennsylvania	Berks County News	2030	294736	2020-05-23	48
MM - Hawaii	Big Island Times	2584	294986	2020-04-30	25
MM - Indiana	Bloomington Leader	2472	294774	2020-04-14	9
MM - West Virginia	Bluestone News	2642	294782	2020-04-25	20
MM - Kentucky	Bowling Green Today	2430	294813	2020-04-12	7
MM - Missouri	Branson Times	2130	295267	2020-04-11	6
MM - Florida	Brevard Sun	1961	295089	2020-04-29	24
MM - Massachusetts	Bristol Reporter	2766	295183	2020-04-18	13
MM - New York	Buffalo Ledger	2802	294895	2020-05-01	26
MM - New Jersey	Burlington Review	2510	294864	2020-04-23	18
MM - Vermont	Burlington Standard	2336	294784	2020-04-13	8
MM - Pennsylvania	Butler County News	2108	295163	2020-04-18	13
MM - Ohio	Butler County Today	2216	294806	2020-04-12	7
MM - North Carolina	Cabarrus Today	2141	295213	2020-04-22	17
MM - Pennsylvania	Cambria Times	2106	294841	2020-04-26	21
MM - Massachusetts	Cape Cod Ledger	2768	294872	2020-04-16	11
MM - Missouri	Cape News	2129	294981	2020-04-23	18
MM - New York	Capital District Times	2803	294848	2020-04-29	24
MM - Michigan	Capitol News	1904	294725	2020-04-30	25
LGIS	Carbondale Reporter	1190	294683	2020-04-16	11
MM - Idaho	CDA Reporter	2678	294707	2020-04-12	7
MM - Iowa	Cedar Rapids Today	2046	294831	2020-04-30	25
MM - Georgia	Central Georgia News	2314	294808	2020-05-25	50
MM - Idaho	Central Idaho Times	2677	294758	2020-04-10	5
MM - Iowa	Central Iowa Times	2060	294735	2020-04-27	22
MM - Louisiana	Central Louisiana News	2589	294837	2020-06-20	76
MM - Missouri	Central Missouri News	2128	295036	2020-05-13	38
MM - Montana	Central Montana Times	2114	294917	2020-04-22	17
MM - North Dakota	Central ND News	2437	294734	2020-04-24	19
MM - Virginia	Central Nova News	2352	295288	2020-04-07	2
MM - Ohio	Central Ohio Today	2231	294835	2020-05-09	34
MM - Oregon	Central Oregon Times	2666	295014	2020-04-24	19
MM - Pennsylvania	Central PA News	2104	295088	2020-04-22	17
MM - Virginia	Central Shenandoah News	2353	294839	2020-05-01	26
MM - South Dakota	Central South Dakota News	2449	295164	2020-04-21	16
MM - Utah	Central Utah News	2652	294876	2020-04-29	24
MM - Virginia	Central Virginia Times	2356	295118	2020-04-24	19
MM - Wisconsin	Central Wisconsin News	1877	294711	2020-04-29	24
MM - Wyoming	Central Wyoming News	2389	295219	2020-04-10	5
MM - Texas	Centroplex News	2247	295136	2020-04-28	23
LGIS	Chambana Sun	1164	294681	2020-05-06	31
MM - North Carolina	Chapel Hill Review	2167	295281	2020-04-08	3
MM - West Virginia	Charleston Leader	2643	295112	2020-04-22	17
MM - South Carolina	Charleston Reporter	2825	295177	2020-04-21	16
LGIS	Chicago City Wire	1239	294696	2020-04-06	1
MM - Wisconsin	Chippewa Valley Times	1885	294700	2020-04-25	20
MM - Ohio	Cincy Reporter	2217	295285	2020-04-06	1
MM - Tennessee	Clarksville Times	2535	295279	2020-04-07	2
MM - Missouri	Clay Co Times	2117	295191	2020-04-16	11
MM - Florida	Clay County Times	1969	295241	2020-04-14	9
MM - Ohio	Cleveland Reporter	2208	295284	2020-04-06	1
MM - Pennsylvania	Coal Region News	2102	294894	2020-05-08	33
MM - Georgia	Coastal GA News	2315	294828	2020-04-23	18
MM - Georgia	Cobb Reporter	2316	294982	2020-04-14	9
MM - Texas	Collin Times	2258	294943	2020-04-27	22
MM - Missouri	Columbia News	2127	294939	2020-04-30	25
MM - South Carolina	Columbia Standard	2789	295024	2020-05-10	35
MM - Indiana	Columbus Standard	2474	295185	2020-04-15	10
MM - Texas	Concho Valley News	2261	295176	2020-04-19	14
MM - New Hampshire	Concord Ledger	2346	295032	2020-04-14	9
MM - Texas	Corpus Christi Sun	2271	295152	2020-04-22	17
MM - Pennsylvania	Crawford Times	2099	295083	2020-04-19	14
MM - Pennsylvania	Cumberland Valley News	2098	294749	2020-04-20	15
MM - Minnesota	Dakota Times	2076	295180	2020-04-17	12
MM - Texas	Dallas City Wire	2251	295283	2020-04-06	1
MM - Pennsylvania	Dauphin News	2096	294779	2020-05-04	29
MM - Utah	Davis Times	2653	294777	2020-04-20	15
MM - Ohio	Dayton Reporter	2232	295280	2020-04-06	1
MM - Georgia	DeKalb GA News	2317	295135	2020-04-22	17
LGIS	DeKalb Times	1388	294687	2020-04-14	9
Metro Business Network	Delaware Business Daily	1638	294653	2020-06-06	62
MM - Ohio	Delaware County Review	2230	295103	2020-04-10	5
MM - Iowa	Des Moines Sun	2052	295216	2020-04-07	2
MM - Michigan	Detroit City Wire	1891	295278	2020-04-06	1
MM - South Carolina	Dorchester Today	2790	295175	2020-04-10	5
MM - Maine	Down East Times	2385	295265	2020-04-13	8
MM - Iowa	Dubuque Times	2057	295126	2020-04-22	17
LGIS	DuPage Policy Journal	1042	294672	2020-04-29	24
MM - North Carolina	Durham Reporter	2142	295236	2020-04-08	3
MM - Florida	Duval Times	1973	295257	2020-04-10	5
MM - Nevada	Eagle Valley Times	2299	294776	2020-04-19	14
MM - Georgia	East Central Georgia News	2313	294810	2020-05-11	36
MM - Iowa	East Central Iowa News	2055	294795	2020-05-17	42
LGIS	East Central Reporter	1193	294678	2020-05-08	33
MM - Texas	East Central Texas News	2280	294946	2020-05-15	40
MM - Texas	East DFW News	2273	294961	2020-05-03	28
MM - New York	East Hudson Valley News	2805	295043	2020-05-16	41
MM - Idaho	East Idaho Times	2679	294818	2020-04-17	12
MM - Indiana	East Indy News	2491	294984	2020-04-13	8
MM - Kentucky	East Kentucky Times	2427	294889	2020-04-15	10
MM - Kentucky	East Louisville News	2431	294794	2020-04-23	18
MM - Michigan	East Michigan News	1896	295142	2020-04-13	8
MM - New Mexico	East New Mexico News	2631	295076	2020-04-25	20
MM - Oklahoma	East OKC News	2776	294933	2020-05-09	34
MM - Oregon	East Oregon News	2667	295095	2020-04-28	23
MM - Florida	East Panhandle News	1999	295072	2020-04-15	10
MM - West Virginia	East Panhandle Times	2644	294805	2020-04-19	14
MM - Oregon	East PDX Today	2664	294867	2020-04-20	15
MM - Kentucky	East Pennyroyal News	2423	295151	2020-04-20	15
MM - Texas	East RGV News	2282	295184	2020-04-19	14
MM - Virginia	Eastern Shore Times	2374	294772	2020-05-11	36
MM - Michigan	Eastern Wayne Today	1895	295271	2020-04-11	6
MM - Indiana	EC Indiana News	2475	294801	2020-05-01	26
MM - Kansas	EC Kansas News	2418	295087	2020-04-26	21
MM - Mississippi	EC Mississippi News	2608	295109	2020-05-07	32
MM - Nebraska	EC Nebraska News	2622	295246	2020-04-26	21
MM - North Carolina	EC North Carolina News	2143	295165	2020-05-12	37
MM - Ohio	EC Ohio News	2195	294714	2020-05-17	42
MM - Oklahoma	EC Oklahoma News	2785	294899	2020-05-11	36
MM - Virginia	EC Virginia News	2358	294791	2020-04-15	10
MM - Wisconsin	EC Wisconsin News	1879	294857	2020-04-18	13
MM - Texas	El Paso Standard	2285	295049	2020-04-17	12
MM - Kentucky	Elizabethtown Times	2428	294973	2020-04-16	11
MM - Indiana	Elkhart Times	2476	294991	2020-04-14	9
MM - Florida	Emerald Coast Times	1979	295025	2020-05-06	31
MM - Pennsylvania	Erie County Times	2095	294887	2020-04-22	17
MM - Ohio	Fairfield Reporter	2227	294821	2020-04-15	10
MM - Texas	Far West Texas News	2289	295117	2020-04-12	7
MM - North Dakota	Fargo Standard	2438	294799	2020-04-21	16
MM - North Carolina	Fayetteville Today	2147	295174	2020-04-19	14
MM - Ohio	Findlay Times	2202	294987	2020-04-27	22
MM - New York	Finger Lakes Today	2804	295007	2020-05-27	52
Metro Business Network	Florida Business Daily	1149	294661	2020-10-23	758
MM - Louisiana	Florida Parish News	2590	294957	2020-04-27	22
MM - Wisconsin	Fon du Lac News	1880	294812	2020-04-23	18
MM - North Carolina	Foothills Review	2145	295143	2020-05-05	30
MM - Texas	Forest Country News	2263	294927	2020-05-22	47
MM - Wisconsin	Fox Cities News	1881	294753	2020-04-25	20
MM - Virginia	Fredericksburg Leader	2360	295119	2020-04-20	15
MM - Indiana	Ft Wayne Times	2479	295156	2020-04-14	9
MM - Texas	Ft Worth Times	2253	295277	2020-04-06	1
LGIS	Galesburg Reporter	1603	294680	2020-04-19	14
MM - Virginia	Gateway Reporter	2359	294727	2020-04-30	25
MM - Michigan	Genesee News	1897	295060	2020-04-21	16
Metro Business Network	Georgia Business Daily	1639	294639	2020-10-23	559
MM - Georgia	Georgia Mountain News	2321	294792	2020-05-07	32
MM - Montana	Glacier Country News	2239	294897	2020-04-17	12
MM - New Jersey	Gloucester Today	2513	294891	2020-04-25	20
MM - Texas	Grayson Times	2291	295029	2020-04-29	24
MM - Wisconsin	Green Bay Reporter	1873	294708	2020-05-01	26
MM - South Carolina	Greenville Leader	2791	295104	2020-04-23	18
MM - North Carolina	Greenville Reporter	2153	295116	2020-04-21	16
LGIS	Grundy Reporter	1539	294697	2020-04-08	3
MM - Mississippi	GTR Times	2610	295003	2020-04-16	11
MM - Tennessee	Hamilton Reporter	2522	295066	2020-04-18	13
MM - Pennsylvania	Happy Valley Times	2092	295073	2020-04-15	10
MM - Maryland	Harford News	1686	295204	2020-04-13	8
Metro Business Network	Hawaii Business Daily	1640	294658	2020-07-08	94
MM - Virginia	Henrico Times	2362	294717	2020-04-18	13
MM - Florida	Hernando Reporter	1980	295101	2020-04-16	11
MM - North Carolina	High Country Times	2154	295131	2020-04-25	20
MM - Texas	Hill Country Chronicle	2250	295120	2020-04-23	18
MM - New Hampshire	Hillsborough Sun	2345	295228	2020-04-11	6
MM - South Carolina	Hilton Head Reporter	2793	295209	2020-04-14	9
MM - Mississippi	Hinds Today	2611	295099	2020-04-14	9
MM - Michigan	Holland Reporter	1898	294623	2020-04-21	16
MM - Hawaii	Honolulu Reporter	2583	294930	2020-05-17	42
MM - Kentucky	Hopkinsville Times	2433	295223	2020-04-19	14
MM - Louisiana	Houma-Thibodaux News	2591	295107	2020-04-30	25
MM - Texas	Houston Republic	2255	295273	2020-04-06	1
MM - Maryland	Howard County News	1687	295239	2020-04-07	2
MM - New Jersey	Hudson Today	2504	294983	2020-04-14	9
MM - West Virginia	Huntington Times	2645	294716	2020-04-16	11
MM - Kansas	Hutch Today	2410	295149	2020-04-17	12
MM - North Carolina	IBX News	2155	295110	2020-06-26	82
Metro Business Network	Idaho Business Daily	1641	294625	2020-06-19	75
Metro Business Network	Illinois Business Daily	1148	294643	2020-10-23	779
LGIS	Illinois Valley Times	1187	294669	2020-05-01	26
Metro Business Network	Indiana Business Daily	1642	294634	2020-10-23	350
MM - Indiana	Indy Standard	2493	294769	2020-04-19	14
Metro Business Network	Iowa Business Daily	1405	294632	2020-10-23	380
MM - Iowa	Iowa City Today	2059	295047	2020-04-11	6
MM - Kentucky	Jackson Purchase News	2436	294829	2020-05-01	26
MM - Missouri	Jefferson City News	2126	295017	2020-04-17	12
MM - Missouri	Jefferson County Times	2125	295237	2020-04-18	13
MM - Kansas	Joco Today	2412	295068	2020-04-20	15
MM - Tennessee	Johnson City Times	2527	295096	2020-04-17	12
MM - North Carolina	Johnston Reporter	2156	295122	2020-04-16	11
MM - Michigan	Kalamazoo Times	1899	294754	2020-04-18	13
LGIS	Kane County Reporter	1236	294686	2020-04-26	21
LGIS	Kankakee Times	1163	294673	2020-05-05	30
Metro Business Network	Kansas Business Daily	1643	294657	2020-10-23	276
MM - Hawaii	Kauai Sun	2585	295077	2020-04-19	14
LGIS	Kendall County Times	1540	294668	2020-04-11	6
MM - Wisconsin	Kenosha Reporter	1875	294910	2020-04-11	6
MM - Rhode Island	Kent County Times	2447	295127	2020-04-06	1
MM - Delaware	Kent County Today	1958	294907	2020-04-25	20
MM - Indiana	Kentuckiana Times	2481	295045	2020-04-18	13
Metro Business Network	Kentucky Business Daily	1644	294640	2020-10-23	334
MM - Florida	Key West Reporter	2026	295160	2020-04-17	12
Metro Business Network	Keystone Business News	655	294630	2020-10-23	1024
MM - Tennessee	Kingsport Reporter	2532	295144	2020-04-15	10
MM - Washington	Kitsap Review	1974	295146	2020-04-27	22
MM - Tennessee	Knox Times	2520	295261	2020-04-08	3
MM - Indiana	Kokomo Standard	2482	295051	2020-04-23	18
MM - Louisiana	Lafayette Reporter	2594	294849	2020-04-20	15
MM - Indiana	Lafayette Times	2483	294765	2020-04-28	23
LGIS	Lake County Gazette	1160	294622	2020-05-23	48
MM - Ohio	Lake County Times	2215	294771	2020-04-20	15
MM - Oregon	Lane County News	2668	295081	2020-04-11	6
MM - Michigan	Lansing Sun	1926	294726	2020-04-30	25
MM - Texas	Laredo Times	2288	295197	2020-04-10	5
MM - Nevada	Las Vegas Record	2301	295266	2020-04-06	1
MM - Pennsylvania	Laurel Highlands Today	2087	294770	2020-05-07	32
MM - Kansas	Lawrence Reporter	2403	295268	2020-04-08	3
MM - Pennsylvania	Lawrence Times	2085	294830	2020-04-15	10
MM - Pennsylvania	Lebanon PA News	2035	295195	2020-04-18	13
MM - Pennsylvania	Lehigh Times	2075	294888	2020-04-22	17
MM - Maine	Lewiston Times	2384	295269	2020-04-07	2
MM - Ohio	Licking Today	2228	295004	2020-04-21	16
MM - Ohio	Lima Reporter	2201	294883	2020-04-26	21
MM - Kansas	Little Apple Times	2405	295061	2020-04-28	23
MM - Michigan	Livingston Today	1905	294733	2020-04-10	5
MM - Texas	Longview Times	2287	295035	2020-04-30	25
Metro Business Network	Louisiana Business Daily	1645	294646	2020-10-23	417
MM - Kentucky	Louisville City Wire	2435	294796	2020-06-01	57
MM - South Carolina	Lower West SC News	2798	294992	2020-05-06	31
MM - Texas	Lubbock Times	2286	294959	2020-04-18	13
MM - Pennsylvania	Luzerne Times	2074	294737	2020-05-18	43
MM - Pennsylvania	Lycoming News	2073	294780	2020-04-24	19
MM - Virginia	Lynchburg Reporter	2363	295028	2020-04-19	14
LGIS	Macon Reporter	1387	294688	2020-04-16	11
MM - Georgia	Macon Times	2322	294785	2020-04-26	21
MM - Wisconsin	Madison Reporter	1872	294722	2020-04-30	25
MM - Idaho	Magic Valley Times	2682	294866	2020-04-18	13
Metro Business Network	Maine Business Daily	1646	294629	2020-06-23	79
MM - Maine	Maine Highlands News	2383	295243	2020-04-12	7
MM - Maine	Maine Lakes News	2382	295249	2020-04-08	3
MM - Florida	Manatee Review	1982	294995	2020-04-23	18
MM - Ohio	Mansfield Times	2200	295108	2020-04-21	16
MM - Ohio	Marion-Morrow Times	2229	295212	2020-04-10	5
Metro Business Network	Maryland Business Daily	1647	294633	2020-10-23	276
Metro Business Network	Massachusetts Business Daily	1648	294649	2020-10-03	181
MM - Hawaii	Maui Reporter	2586	295071	2020-04-18	13
LGIS	McHenry Times	1161	294691	2020-04-24	19
LGIS	McLean County Times	1386	294693	2020-04-24	19
MM - Ohio	Medina Today	2214	294945	2020-04-11	6
MM - Tennessee	Memphis Standard	2519	295258	2020-04-06	1
MM - New Jersey	Mercer Times	2511	294854	2020-04-18	13
MM - Massachusetts	Merrimack Valley News	2764	294916	2020-04-18	13
LGIS	Metro East Sun	1162	294671	2020-05-22	47
MM - Kentucky	Metro Lex News	2420	294842	2020-04-07	2
MM - Massachusetts	Metro West Times	2765	295274	2020-04-07	2
MM - Florida	Miami Courant	1983	295264	2020-04-06	1
Metro Business Network	Michigan Business Daily	1657	294621	2020-10-23	470
MM - Oregon	Mid Coast Times	2669	294819	2020-04-21	16
MM - Maine	Mid Coast Today	2381	294742	2020-04-16	11
MM - Massachusetts	Mid Massachusetts News	2762	294896	2020-04-16	11
MM - Oregon	Mid Valley Reporter	2673	294834	2020-04-30	25
MM - Wisconsin	Milwaukee City Wire	1865	295252	2020-04-06	1
Metro Business Network	Minnesota Business Daily	1649	294664	2020-10-23	450
Metro Business Network	Mississippi Business Daily	1674	294652	2020-10-23	335
MM - Mississippi	Mississippi Gulf News	2612	294953	2020-05-06	31
Metro Business Network	Missouri Business Daily	1651	294654	2020-10-23	538
MM - New York	Mohawk Valley Times	2807	294856	2020-05-19	44
MM - New Jersey	Monmouth Times	2505	294852	2020-05-28	53
MM - Pennsylvania	Monroe County News	2071	295106	2020-04-19	14
MM - New York	Monroe NY News	2808	295012	2020-04-23	18
MM - Michigan	Monroe Review	1906	294761	2020-04-17	12
Metro Business Network	Montana Business Daily	1652	294651	2020-06-07	63
MM - Maryland	Montgomery News	1689	294815	2020-05-13	38
MM - New Jersey	Morris Leader	2509	294926	2020-04-28	23
MM - Tennessee	Morristown Times	2539	295139	2020-04-11	6
MM - Washington	Moses Lake Today	1972	295000	2020-04-15	10
MM - Indiana	Muncie Reporter	2484	294759	2020-04-11	6
MM - Michigan	Muskegon Sun	1907	294710	2020-04-14	9
MM - South Carolina	Myrtle Beach Leader	2795	295171	2020-04-19	14
MM - North Carolina	Nantahala News	2159	295157	2020-04-17	12
MM - Florida	Naples Standard	1971	295123	2020-04-15	10
MM - Tennessee	Nashville Standard	2518	295244	2020-04-10	5
MM - New York	Nassau Standard	2809	294861	2020-07-22	108
MM - Florida	Nature Coast Times	1985	295015	2020-05-01	26
MM - Florida	NC Florida News	1987	295026	2020-04-26	21
MM - Georgia	NC Georgia News	2323	294827	2020-05-06	31
MM - Indiana	NC Indiana News	2480	294787	2020-05-01	26
MM - Kansas	NC Kansas News	2413	294978	2020-05-02	27
MM - Kentucky	NC Kentucky News	2443	295098	2020-04-16	11
MM - Massachusetts	NC Massachusetts News	2761	294940	2020-04-13	8
MM - Minnesota	NC Minnesota News	2097	295199	2020-04-18	13
MM - Mississippi	NC Mississippi News	2614	294925	2020-05-07	32
MM - North Carolina	NC North Carolina News	2161	295148	2020-04-18	13
MM - Oklahoma	NC Oklahoma News	2774	294947	2020-04-22	17
MM - South Carolina	NC South Carolina Times	2796	294979	2020-05-08	33
MM - Tennessee	NC Tennessee News	2536	294958	2020-04-26	21
MM - Vermont	NC Vermont News	2338	295057	2020-04-14	9
MM - West Virginia	NC West Virginia News	2647	294709	2020-05-09	34
MM - Wisconsin	NC Wisconsin News	1882	294955	2020-04-16	11
MM - North Dakota	ND North News	2440	294788	2020-04-20	15
MM - Georgia	NE Atlanta News	2308	295238	2020-04-10	5
MM - Florida	NE Florida News	1986	294997	2020-04-11	6
MM - Indiana	NE Indiana News	2478	294786	2020-04-20	15
MM - Iowa	NE Iowa News	2061	294800	2020-04-25	20
MM - Missouri	NE Kansas City News	2121	294923	2020-04-27	22
MM - Kansas	NE Kansas News	2411	295056	2020-04-23	18
MM - Kentucky	NE Kentucky News	2425	294789	2020-04-27	22
MM - Louisiana	NE Louisiana News	2607	294874	2020-05-14	39
MM - Mississippi	NE Mississippi News	2613	294919	2020-05-11	36
MM - Missouri	NE Missouri News	2113	295053	2020-05-15	40
MM - Tennessee	NE Nashville News	2524	294951	2020-04-17	12
MM - Nebraska	NE Nebraska News	2625	295250	2020-05-10	35
MM - New Mexico	NE New Mexico News	2632	294963	2020-04-15	10
MM - New York	NE New York Today	2812	294890	2020-04-29	24
MM - North Dakota	NE North Dakota News	2439	294862	2020-04-25	20
MM - Ohio	NE Ohio Times	2213	295196	2020-04-19	14
MM - Oklahoma	NE Oklahoma News	2784	294944	2020-04-30	25
MM - North Carolina	NE Piedmont News	2160	295167	2020-04-17	12
MM - Vermont	NE Vermont News	2337	294999	2020-04-16	11
MM - Washington	NE Washington News	1970	295134	2020-04-18	13
MM - Wisconsin	NE Wisconsin News	1883	295054	2020-04-16	11
MM - Wyoming	NE Wyoming News	2390	295002	2020-04-11	6
Metro Business Network	Nebraska Business Daily	1653	294665	2020-10-18	196
MM - Nebraska	Nebraska Panhandle News	2623	295263	2020-04-24	19
Metro Business Network	Nevada Business Daily	1654	294636	2020-06-02	58
Metro Business Network	New Hampshire Business Daily	1655	294641	2020-05-22	47
Metro Business Network	New Jersey Business Daily	1656	294647	2020-10-23	462
Metro Business Network	New Mexico Business Daily	1658	294638	2020-08-04	121
MM - Virginia	New River Valley Times	2364	295155	2020-04-24	19
Metro Business Network	New York Business Daily	1659	294644	2020-10-23	896
MM - New Jersey	Newark Reporter	2497	295254	2020-04-06	1
MM - New York	Niagara Leader	2810	294886	2020-04-17	12
MM - Louisiana	Nola Reporter	2595	295021	2020-04-12	7
MM - Texas	Nortex Times	2281	295009	2020-05-04	29
MM - Louisiana	North Acadiana News	2596	294966	2020-04-27	22
MM - Kentucky	North Bluegrass News	2429	295141	2020-04-11	6
MM - Massachusetts	North Boston News	2763	295187	2020-04-22	17
Metro Business Network	North Carolina Business Daily	1660	294662	2020-10-23	646
MM - Pennsylvania	North Central PA Times	2070	294767	2020-05-10	35
MM - Oregon	North Coast Today	2674	294938	2020-04-19	14
MM - Texas	North Coastal News	2296	294952	2020-05-07	32
LGIS	North Cook News	1159	294676	2020-05-10	35
MM - New York	North Country Leader	2811	294989	2020-05-22	47
Metro Business Network	North Dakota Business Daily	1599	294631	2020-07-06	92
LGIS	North Egypt News	1602	294667	2020-04-16	11
MM - Idaho	North Idaho Times	2680	294720	2020-04-26	21
MM - Indiana	North Indy News	2487	294755	2020-04-20	15
MM - Iowa	North Iowa Reporter	2063	294745	2020-05-12	37
MM - Kentucky	North Kentucky News	2421	294807	2020-05-17	42
MM - Tennessee	North Knoxville News	2538	295046	2020-04-18	13
MM - Michigan	North Michigan News	1909	294775	2020-06-01	57
MM - Nevada	North Nevada News	2300	294798	2020-04-15	10
MM - Oklahoma	North OKC News	2773	295247	2020-04-16	11
MM - Nebraska	North Omaha Times	2626	295262	2020-04-12	7
MM - Florida	North Panhandle News	2001	295105	2020-04-24	19
MM - West Virginia	North Panhandle Times	2648	294718	2020-04-20	15
MM - Pennsylvania	North Pocono News	2056	294804	2020-04-26	21
MM - Virginia	North Richmond Today	2365	295255	2020-04-08	3
MM - Virginia	North Shenandoah News	2368	294721	2020-04-26	21
MM - Louisiana	North Shore Louisiana News	2606	295132	2020-04-15	10
MM - Virginia	North Tidewater News	2366	295217	2020-04-09	4
MM - North Carolina	North Triangle News	2180	295092	2020-04-18	13
MM - Oklahoma	North Tulsa Today	2782	295082	2020-04-30	25
MM - Utah	North Utah News	2654	294803	2020-04-25	20
MM - Montana	Northeast Montana News	2118	294906	2020-04-09	4
MM - South Dakota	Northeast South Dakota News	2453	295147	2020-04-22	17
MM - Virginia	Northern Neck Times	2367	294773	2020-04-13	8
MM - Pennsylvania	Northern Tier News	2054	294746	2020-05-14	39
MM - Pennsylvania	Northhampton News	2053	295287	2020-04-06	1
MM - Montana	Northwest Montana News	2116	294968	2020-04-12	7
MM - Pennsylvania	Northwest PA News	2051	294730	2020-04-29	24
MM - Wisconsin	Northwoods Reporter	1886	294751	2020-05-12	37
MM - Georgia	NW Atlanta News	2309	294822	2020-04-19	14
MM - Georgia	NW Georgia News	2324	295010	2020-04-24	19
LGIS	NW Illinois News	1389	294689	2020-05-17	42
MM - Iowa	NW Iowa News	2064	294811	2020-05-08	33
MM - New Jersey	NW Jersey News	2515	295075	2020-05-15	40
MM - Kansas	NW Kansas News	2414	295085	2020-04-30	25
MM - Kentucky	NW Kentucky News	2422	294870	2020-05-03	28
MM - Louisiana	NW Louisiana News	2597	295030	2020-05-09	34
MM - Minnesota	NW Minnesota News	2100	295188	2020-05-03	28
MM - Mississippi	NW Mississippi News	2615	294980	2020-05-05	30
MM - Missouri	NW Missouri Times	2112	294934	2020-05-15	40
MM - New Mexico	NW New Mexico News	2633	294833	2020-04-20	15
MM - Ohio	NW Ohio Times	2199	294816	2020-05-07	32
MM - Oklahoma	NW Oklahoma News	2775	294892	2020-04-27	22
MM - Tennessee	NW Tennessee News	2531	294901	2020-05-17	42
MM - Minnesota	NW Twin Cities	2091	295186	2020-04-21	16
MM - Washington	NW Washington News	1976	295193	2020-04-20	15
MM - Wyoming	NW Wyoming News	2391	295172	2020-04-15	10
MM - New York	NYC Gazette	2813	295033	2020-04-14	9
MM - Florida	Ocala Standard	1990	295208	2020-04-10	5
MM - New Jersey	Ocean County Leader	2506	295093	2020-05-07	32
Metro Business Network	Ohio Business Daily	1632	294628	2020-10-23	703
MM - West Virginia	Ohio Valley Times	2646	294843	2020-04-16	11
Metro Business Network	Oklahoma Business Daily	1661	294648	2020-10-23	377
MM - Washington	Olympic Times	1966	295064	2020-04-22	17
MM - Nebraska	Omaha Record	2621	295270	2020-04-06	1
MM - New York	Oneida Times	2814	294824	2020-04-21	16
MM - North Carolina	Onslow News	2149	295205	2020-04-14	9
Metro Business Network	Oregon Business Daily	1662	294642	2020-09-29	177
MM - North Carolina	Outer Banks Times	2168	295206	2020-04-29	24
MM - Mississippi	Oxford Reporter	2609	295050	2020-04-24	19
MM - Wisconsin	Ozaukee County News	1869	294823	2020-04-14	9
MM - Florida	Palm Coast Times	1995	295100	2020-04-28	23
Metro Business Network	Palmetto Business Daily	1120	294660	2020-10-23	364
MM - Florida	Panama City Reporter	1997	295080	2020-04-22	17
MM - Texas	Panhandle Times	2260	295040	2020-05-14	39
MM - Florida	Pasco Reporter	2003	294996	2020-05-04	29
MM - New Jersey	Passaic News	2508	294880	2020-04-19	14
MM - South Carolina	Pee Dee News	2797	295128	2020-05-07	32
MM - Florida	Pensacola Times	2005	295086	2020-04-17	12
LGIS	Peoria Standard	1189	294679	2020-06-06	62
MM - Texas	Petroplex News	2276	294971	2020-04-25	20
MM - Pennsylvania	Philly Leader	1981	295276	2020-04-06	1
MM - Washington	Pierce Today	1932	294985	2020-05-24	49
MM - Mississippi	Pine Belt Times	2616	295018	2020-05-03	28
MM - North Carolina	Pinehurst Today	2169	295138	2020-04-22	17
MM - Pennsylvania	Pittsburgh Review	2028	295229	2020-04-08	3
MM - Missouri	Platte News	2119	295020	2020-04-16	11
MM - Massachusetts	Plymouth Reporter	2767	295023	2020-04-26	21
MM - Idaho	Pocatello Times	2681	295210	2020-04-13	8
MM - Florida	Polk Times	2007	295038	2020-05-09	34
MM - Ohio	Portage Times	2190	294763	2020-04-13	8
MM - Oregon	Portland Courant	2663	295234	2020-04-07	2
MM - Maine	Portland Maine News	2387	294719	2020-04-21	16
MM - Virginia	Prince William Reporter	2370	294712	2020-05-01	26
MM - Rhode Island	Providence Reporter	2448	294924	2020-04-16	11
LGIS	Quincy Reporter	1601	294698	2020-04-07	2
MM - Wisconsin	Racine Sun	1874	294723	2020-04-18	13
MM - North Carolina	Randolph County News	2170	295192	2020-04-14	9
MM - Nevada	Reno Reporter	2297	295230	2020-04-06	1
Metro Business Network	Rhode Island Business Daily	1663	294655	2020-04-29	24
MM - Virginia	Richmond Leader	2357	295202	2020-04-07	2
MM - Iowa	River Bend Times	2065	294760	2020-04-29	24
MM - Louisiana	River Parish News	2598	294942	2020-05-08	33
MM - Maine	River Valley Today	2380	294750	2020-04-17	12
MM - Virginia	Roanoke Sun	2371	294909	2020-04-28	23
MM - New York	Rochester Reporter	2815	295013	2020-05-04	29
LGIS	Rock Island Today	1188	294674	2020-04-30	25
LGIS	Rockford Sun	1384	294677	2020-04-18	13
MM - New Hampshire	Rockingham Times	2343	295218	2020-04-14	9
MM - New York	Rockland Reporter	2816	294931	2020-05-08	33
MM - North Carolina	Rocky Mount Today	2171	295124	2020-05-06	31
MM - Georgia	Rome Reporter	2325	295067	2020-04-19	14
MM - North Carolina	Rowan News	2172	295220	2020-04-15	10
MM - Tennessee	Rutherford Times	2521	295182	2020-04-09	4
MM - Texas	San Antonio Corridor News	2290	295178	2020-04-19	14
MM - Texas	San Antonio Standard	2257	295211	2020-04-06	1
MM - Nebraska	Sandhills Today	2624	295251	2020-04-26	21
MM - New Mexico	Sandoval News	2634	295169	2020-04-11	6
LGIS	Sangamon Sun	1186	294694	2020-04-28	23
MM - New Mexico	Santa Fe Standard	2635	294802	2020-04-17	12
MM - Florida	Sarasota Review	2008	295114	2020-04-28	23
MM - New York	Saratoga Standard	2817	294902	2020-05-02	27
MM - Georgia	Savannah Standard	2326	294855	2020-04-25	20
MM - Kansas	SC Kansas News	2416	295194	2020-04-28	23
MM - South Carolina	SC Midland News	2794	295016	2020-05-21	46
MM - Minnesota	SC Minnesota News	2089	295166	2020-05-02	27
MM - Mississippi	SC Mississippi News	2617	295069	2020-05-07	32
MM - Missouri	SC Missouri News	2110	294914	2020-04-29	24
MM - Nebraska	SC Nebraska News	2629	295253	2020-05-17	42
MM - New York	SC New York News	2818	294875	2020-05-30	55
MM - Oklahoma	SC Oklahoma News	2779	294882	2020-04-30	25
MM - Tennessee	SC Tennessee News	2528	294893	2020-04-26	21
MM - Texas	SC Texas News	2268	294932	2020-04-29	24
MM - Vermont	SC Vermont News	2339	294764	2020-04-26	21
MM - Virginia	SC Virginia News	2377	294858	2020-05-03	28
MM - Wisconsin	SC Wisconsin News	1878	294701	2020-05-02	27
MM - Pennsylvania	Scranton Reporter	2048	294970	2020-04-24	19
MM - Georgia	SE Atlanta News	2310	294948	2020-04-27	22
MM - Kentucky	SE Bluegrass News	2424	294840	2020-04-14	9
MM - Colorado	SE Colorado News	2468	295275	2020-04-07	2
MM - Georgia	SE Georgia News	2327	294994	2020-05-08	33
MM - Michigan	SE Grand Rapids News	1903	295153	2020-04-15	10
LGIS	SE Illinois News	1238	294684	2020-04-20	15
MM - Indiana	SE Indiana News	2473	295008	2020-04-22	17
MM - Iowa	SE Iowa News	2067	294838	2020-04-26	21
MM - Kansas	SE Kansas News	2415	294928	2020-05-06	31
MM - Kentucky	SE Kentucky News	2444	294850	2020-04-28	23
MM - Minnesota	SE Minnesota News	2081	295145	2020-05-09	34
MM - Missouri	SE Missouri News	2109	294911	2020-05-20	45
MM - Nebraska	SE Nebraska News	2628	295248	2020-05-15	40
MM - North Carolina	SE North Carolina News	2173	295097	2020-05-10	35
MM - Ohio	SE Ohio Times	2197	294752	2020-05-05	30
MM - Oklahoma	SE Oklahoma News	2778	294918	2020-05-12	37
MM - Tennessee	SE Tennessee News	2534	295070	2020-04-21	16
MM - Texas	SE Texas Times	2270	295058	2020-04-23	18
MM - Minnesota	SE Twin Cities	2093	295189	2020-04-19	14
MM - Washington	SE Washington News	1964	295059	2020-04-30	25
MM - Wyoming	SE Wyoming News	2392	294859	2020-04-16	11
MM - Washington	Seattle City Wire	1959	295224	2020-04-06	1
MM - Pennsylvania	Shenango Valley News	2045	294814	2020-04-16	11
MM - Michigan	Shiawassee Times	1914	295221	2020-04-11	6
MM - Louisiana	Shreveport Reporter	2599	295019	2020-05-03	28
MM - Iowa	Sioux City Times	2066	294783	2020-04-27	22
MM - South Dakota	Sioux Empire Today	2452	295207	2020-04-22	17
MM - Tennessee	Smoky Mountain Today	2537	294941	2020-04-16	11
MM - New Jersey	Somerset Times	2512	294975	2020-05-03	28
MM - New Mexico	South ABQ News	2637	294873	2020-04-18	13
MM - North Carolina	South Asheville News	2174	295181	2020-04-21	16
MM - Georgia	South Atlanta News	2311	295048	2020-04-22	17
MM - Indiana	South Bend Times	2492	294977	2020-04-14	9
MM - Pennsylvania	South Central PA News	2043	294900	2020-05-02	27
LGIS	South Central Reporter	1604	294675	2020-05-20	45
MM - Oregon	South Coast Times	2670	295154	2020-04-21	16
LGIS	South Cook News	1385	294670	2020-05-25	50
MM - Rhode Island	South County Times	2445	295084	2020-04-17	12
MM - Tennessee	South Cumberland News	2529	294915	2020-04-26	21
Metro Business Network	South Dakota Business Daily	1600	294663	2020-07-07	93
MM - Iowa	South DSM News	2047	294748	2020-04-16	11
MM - Georgia	South Georgia Times	2328	294863	2020-06-03	59
MM - Indiana	South Indy News	2490	295091	2020-04-18	13
MM - Iowa	South Iowa News	2068	295094	2020-04-28	23
MM - New Jersey	South Jersey Sun	2516	294869	2020-05-10	35
MM - Missouri	South KC News	2115	295226	2020-04-16	11
MM - Tennessee	South Knoxville News	2526	295214	2020-04-17	12
MM - Florida	South Lake Today	2010	295161	2020-04-07	2
MM - Louisiana	South Louisiana News	2600	295162	2020-04-28	23
MM - Maine	South Maine News	2379	294851	2020-04-16	11
MM - Michigan	South Michigan News	1915	294877	2020-04-29	24
MM - North Carolina	South North Carolina News	2178	295137	2020-05-22	47
MM - Ohio	South Ohio News	2196	294766	2020-05-14	39
MM - Oklahoma	South OKC News	2777	294865	2020-04-30	25
MM - Nebraska	South Omaha Times	2627	295260	2020-04-13	8
MM - Oregon	South Oregon News	2671	294878	2020-04-22	17
MM - Washington	South Sound Times	1968	294950	2020-04-21	16
MM - Virginia	South Tidewater News	2376	294741	2020-04-23	18
MM - North Carolina	South Triangle News	2181	295233	2020-04-18	13
MM - Oklahoma	South Tulsa Today	2783	294903	2020-05-13	38
MM - Utah	South Utah News	2655	294898	2020-04-23	18
MM - Vermont	South Vermont News	2340	295022	2020-04-14	9
MM - Montana	Southeast Montana News	2120	295256	2020-04-11	6
MM - South Dakota	Southeast South Dakota News	2451	295140	2020-04-23	18
LGIS	Southern Illinois News	1605	294692	2020-04-23	18
MM - Indiana	Southern Indiana Today	2486	294884	2020-04-20	15
MM - West Virginia	Southern West Virginia News	2649	294724	2020-05-14	39
MM - Wisconsin	Southern Wisconsin Times	1871	295231	2020-04-16	11
MM - Virginia	Southside VA News	2375	294908	2020-05-05	30
MM - Montana	Southwest Montana News	2122	295272	2020-04-14	9
MM - Pennsylvania	Southwest PA News	2042	294743	2020-05-16	41
MM - South Carolina	Spartanburg Reporter	2799	295005	2020-05-07	32
MM - Washington	Spokane Standard	1960	295201	2020-04-06	1
MM - Massachusetts	Springfield Record	2759	294976	2020-04-15	10
MM - Missouri	Springfield Standard	2107	294964	2020-04-26	21
MM - Missouri	St. Charles Times	2138	295215	2020-04-06	1
MM - Minnesota	St. Cloud Sun	2084	295198	2020-04-26	21
MM - Michigan	St. Joe-Benton Harbor News	1908	294809	2020-05-06	31
MM - New Hampshire	Strafford News	2344	295179	2020-04-09	4
MM - Michigan	Sturgis-Coldwater News	1920	294972	2020-04-13	8
MM - New York	Suffolk Reporter	2820	294845	2020-08-13	130
MM - Florida	Sumter Times	2017	295062	2020-04-12	7
MM - Delaware	Sussex Review	1957	295200	2020-04-25	20
MM - Kentucky	SW Bluegrass News	2432	294990	2020-04-17	12
MM - Georgia	SW Georgia News	2331	294881	2020-05-03	28
LGIS	SW Illinois News	1192	294690	2020-04-17	12
MM - Indiana	SW Indiana News	2477	295173	2020-04-21	16
MM - Iowa	SW Iowa Times	2069	294739	2020-04-25	20
MM - Kansas	SW Kansas News	2417	295158	2020-04-22	17
MM - Louisiana	SW Louisiana News	2605	294922	2020-04-27	22
MM - Minnesota	SW Minnesota Today	2090	295150	2020-05-25	50
MM - Mississippi	SW Mississippi News	2618	294912	2020-05-01	26
MM - Missouri	SW Missouri News	2123	295001	2020-05-13	38
MM - New Mexico	SW New Mexico News	2638	294781	2020-05-01	26
MM - Oklahoma	SW Oklahoma News	2780	294993	2020-05-30	55
MM - Tennessee	SW Tennessee News	2530	294935	2020-05-05	30
MM - Virginia	SW Virginia News	2373	294715	2020-05-15	40
MM - Wisconsin	SW Wisconsin News	1876	294706	2020-05-30	55
MM - Wyoming	SW Wyoming News	2393	294832	2020-04-15	10
MM - New York	Syracuse Sun	2821	294913	2020-05-13	38
MM - Florida	Tallahassee Sun	2018	295027	2020-04-23	18
Metro Business Network	Tennessee Business Daily	1675	294650	2020-10-23	310
Metro Business Network	Texas Business Daily	1287	294656	2020-10-23	1064
MM - Indiana	The Region News	2488	294797	2020-05-20	45
MM - Michigan	Thumb Reporter	1921	294705	2020-05-06	31
MM - Kansas	Topeka Sun	2404	294969	2020-04-22	17
MM - Florida	Treasure Coast Sun	2014	295039	2020-05-01	26
MM - Idaho	Treasure Valley Times	2683	295227	2020-04-10	5
MM - Washington	Tri Cities Reporter	1952	295063	2020-04-14	9
MM - Ohio	Tri County News	2236	294885	2020-04-26	21
MM - Michigan	Tri-City Sun	1922	294704	2020-04-30	25
MM - Ohio	Trumball News	2203	294738	2020-04-23	18
MM - Oklahoma	Tulsa Standard	2781	295115	2020-04-17	12
MM - Ohio	Tuscarawas News	2194	294713	2020-04-14	9
MM - Texas	Tyler Reporter	2259	294967	2020-05-05	30
MM - New Jersey	Union County Review	2507	295006	2020-04-19	14
MM - North Carolina	Union News	2182	295121	2020-05-03	28
MM - Michigan	UP Gazette	1923	294702	2020-05-15	40
MM - Tennessee	Upper Cumberland Times	2523	294904	2020-05-01	26
MM - Texas	Upper East Texas News	2256	294974	2020-05-18	43
MM - South Carolina	Upper West SC News	2792	295052	2020-05-14	39
MM - South Carolina	Upstate SC News	2800	295055	2020-05-01	26
Metro Business Network	Utah Business Daily	1666	294637	2020-09-02	150
MM - Utah	Utah Valley Times	2656	294937	2020-04-26	21
MM - Washington	Vancouver Reporter	1950	295090	2020-04-27	22
Metro Business Network	Vermont Business Daily	1667	294635	2020-06-02	58
MM - Indiana	Vincennes Today	2495	294790	2020-04-10	5
Metro Business Network	Virginia Business Daily	1668	294627	2020-10-23	478
MM - Texas	Waco Reporter	2254	294949	2020-05-10	35
MM - Georgia	Warner Robins Today	2332	294936	2020-04-13	8
MM - Ohio	Warren-Clinton News	2221	294768	2020-04-22	17
Metro Business Network	Washington Business Daily	1669	294659	2020-10-23	334
MM - Wisconsin	Washington County Times	1870	294778	2020-04-11	6
Metro Business Network	Washington D.C. Business Daily	1670	294666	2020-04-06	1
MM - Washington	Washington Isle News	1949	295044	2020-04-12	7
MM - Utah	Wastach News	2657	294920	2020-04-22	17
MM - Iowa	Waterloo Times	2058	294879	2020-04-13	8
MM - Wisconsin	Waukesha County Times	1868	294817	2020-04-27	22
MM - Ohio	Wayne County Today	2204	294747	2020-04-16	11
MM - Georgia	WC Georgia News	2333	294826	2020-05-04	29
MM - Indiana	WC Indiana News	2485	294847	2020-04-15	10
MM - Iowa	WC Iowa News	2062	294954	2020-04-25	20
MM - Minnesota	WC Minnesota News	2082	295159	2020-05-23	48
MM - Mississippi	WC Mississippi News	2619	294905	2020-05-24	49
MM - Missouri	WC Missouri News	2103	295037	2020-05-15	40
MM - New Mexico	WC New Mexico News	2639	295034	2020-04-17	12
MM - Texas	WC Texas News	2252	294965	2020-04-26	21
MM - Wisconsin	WC Wisconsin News	1887	294703	2020-05-21	46
MM - Utah	Weber Times	2658	294793	2020-04-16	11
MM - Washington	Wenatchee Times	1945	295079	2020-04-12	7
MM - Georgia	West Atlanta News	2312	295259	2020-04-09	4
MM - Michigan	West Central Michigan News	1924	294744	2020-04-24	19
MM - Pennsylvania	West Central PA News	2037	294853	2020-04-29	24
LGIS	West Central Reporter	1199	294682	2020-04-30	25
LGIS	West Cook News	1191	294685	2020-05-03	28
MM - Texas	West DFW News	2278	294962	2020-04-24	19
MM - New York	West Hudson Valley News	2806	294820	2020-06-19	75
MM - Indiana	West Indy News	2489	295232	2020-04-13	8
MM - Massachusetts	West Massachusetts News	2760	294960	2020-04-23	18
MM - Virginia	West Nova News	2369	294728	2020-05-06	31
MM - New York	West NY News	2823	294871	2020-06-03	59
MM - Oregon	West PDX Today	2665	294921	2020-04-24	19
MM - Kentucky	West Pennyroyal News	2426	295065	2020-04-27	22
MM - Texas	West RGV News	2248	295074	2020-04-27	22
MM - Texas	West Texas News	2246	295078	2020-05-09	34
MM - Minnesota	West Twin Cities	2094	295168	2020-04-19	14
Metro Business Network	West Virginia Business Daily	1816	294626	2020-10-08	186
MM - Louisiana	Westbank Louisiana News	2601	294860	2020-05-01	26
MM - New York	Westchester Reporter	2822	294825	2020-05-23	48
MM - North Dakota	Western ND News	2441	294756	2020-04-27	22
MM - South Dakota	Western South Dakota News	2450	295190	2020-04-30	25
MM - Pennsylvania	Westmoreland Review	2039	294729	2020-05-05	30
MM - Wisconsin	Whitewater Times	1884	294731	2020-04-23	18
MM - Kansas	Wichita Standard	2406	295011	2020-04-06	1
LGIS	Will County Gazette	1237	294695	2020-05-01	26
MM - Virginia	Williamsburg Sun	2361	294757	2020-04-07	2
MM - Tennessee	WIlliamson News	2533	295133	2020-04-10	5
MM - North Carolina	Winston Salem Times	2150	295170	2020-04-12	7
MM - Texas	Winter Garden Today	2242	295235	2020-04-15	10
Metro Business Network	Wisconsin Business Daily	1671	294624	2020-10-23	433
MM - West Virginia	WV Heartland News	2650	294762	2020-04-13	8
MM - Kansas	Wyandotte Times	2402	295282	2020-04-07	2
Metro Business Network	Wyoming Business Daily	1672	294645	2020-05-17	42
MM - Washington	Yakima Times	1940	294956	2020-04-25	20
MM - Montana	Yellowstone Times	2124	294988	2020-04-12	7
MM - Pennsylvania	York County News	2033	294732	2020-05-19	44
MM - Ohio	Youngstown Times	2205	294868	2020-04-27	22
