Completed construction of South housing units in May decreases over previous month	Alabama Business Daily	https://pipeline.locallabs.com/stories/513990143	2019-10-16 07:35:17	Alabama Business Daily - Housing Units by Month and Region Monthly Change HLE	Metro Business Network
Home construction in the South increases in May	Alabama Business Daily	https://pipeline.locallabs.com/stories/513990142	2019-10-15 07:01:37	Alabama Business Daily - Housing Units by Month and Region Monthly Change HLE	Metro Business Network
May housing construction in the South increases from previous month	Alabama Business Daily	https://pipeline.locallabs.com/stories/513990141	2019-10-14 10:47:29	Alabama Business Daily - Housing Units by Month and Region Monthly Change HLE	Metro Business Network
Authorization for construction on housing units in the South remains steady in May	Alabama Business Daily	https://pipeline.locallabs.com/stories/513990140	2019-10-13 07:17:49	Alabama Business Daily - Housing Units by Month and Region Monthly Change HLE	Metro Business Network
Construction permits authorized on South housing units in May increases over previous month	Alabama Business Daily	https://pipeline.locallabs.com/stories/513990139	2019-10-12 08:54:43	Alabama Business Daily - Housing Units by Month and Region Monthly Change HLE	Metro Business Network
Completed construction of West housing units in May increases over previous month	Alaska Business Daily	https://pipeline.locallabs.com/stories/513990148	2019-10-16 09:09:05	Alaska Business Daily - Housing Units by Month and Region Monthly Change HLE	Metro Business Network
Home construction in the West increases in May	Alaska Business Daily	https://pipeline.locallabs.com/stories/513990147	2019-10-15 09:50:17	Alaska Business Daily - Housing Units by Month and Region Monthly Change HLE	Metro Business Network
May housing construction in the West decreases from previous month	Alaska Business Daily	https://pipeline.locallabs.com/stories/513990146	2019-10-14 11:46:32	Alaska Business Daily - Housing Units by Month and Region Monthly Change HLE	Metro Business Network
Authorization for construction on housing units in the West increases in May	Alaska Business Daily	https://pipeline.locallabs.com/stories/513990145	2019-10-13 07:53:07	Alaska Business Daily - Housing Units by Month and Region Monthly Change HLE	Metro Business Network
Construction permits authorized on West housing units in May increases over previous month	Alaska Business Daily	https://pipeline.locallabs.com/stories/513990144	2019-10-12 09:25:26	Alaska Business Daily - Housing Units by Month and Region Monthly Change HLE	Metro Business Network
May housing construction in the West decreases from previous month	Arizona Business Daily	https://pipeline.locallabs.com/stories/513990151	2019-10-14 11:56:09	Arizona Business Daily - Housing Units by Month and Region Monthly Change HLE	Metro Business Network
Authorization for construction on housing units in the West increases in May	Arizona Business Daily	https://pipeline.locallabs.com/stories/513990150	2019-10-13 08:13:13	Arizona Business Daily - Housing Units by Month and Region Monthly Change HLE	Metro Business Network
Construction permits authorized on West housing units in May increases over previous month	Arizona Business Daily	https://pipeline.locallabs.com/stories/513990149	2019-10-12 09:29:26	Arizona Business Daily - Housing Units by Month and Region Monthly Change HLE	Metro Business Network
Completed construction of West housing units in May increases over previous month	Arizona Business Daily	https://pipeline.locallabs.com/stories/513990153	2019-10-16 09:30:29	Arizona Business Daily - Housing Units by Month and Region Monthly Change HLE	Metro Business Network
Home construction in the West increases in May	Arizona Business Daily	https://pipeline.locallabs.com/stories/513990152	2019-10-15 07:25:39	Arizona Business Daily - Housing Units by Month and Region Monthly Change HLE	Metro Business Network
Home construction in the South increases in May	Arkansas Business Daily	https://pipeline.locallabs.com/stories/513990157	2019-10-15 09:31:19	Arkansas Business Daily - Housing Units by Month and Region Monthly Change HLE	Metro Business Network
May housing construction in the South increases from previous month	Arkansas Business Daily	https://pipeline.locallabs.com/stories/513990156	2019-10-14 10:58:31	Arkansas Business Daily - Housing Units by Month and Region Monthly Change HLE	Metro Business Network
Authorization for construction on housing units in the South remains steady in May	Arkansas Business Daily	https://pipeline.locallabs.com/stories/513990155	2019-10-13 07:56:30	Arkansas Business Daily - Housing Units by Month and Region Monthly Change HLE	Metro Business Network
Construction permits authorized on South housing units in May increases over previous month	Arkansas Business Daily	https://pipeline.locallabs.com/stories/513990154	2019-10-12 09:10:55	Arkansas Business Daily - Housing Units by Month and Region Monthly Change HLE	Metro Business Network
Completed construction of South housing units in May decreases over previous month	Arkansas Business Daily	https://pipeline.locallabs.com/stories/513990158	2019-10-16 07:48:45	Arkansas Business Daily - Housing Units by Month and Region Monthly Change HLE	Metro Business Network
Construction permits authorized on West housing units in May increases over previous month	California Business Daily	https://pipeline.locallabs.com/stories/513990159	2019-10-12 08:41:25	California Business Daily - Housing Units by Month and Region Monthly Change HLE	Metro Business Network
Completed construction of West housing units in May increases over previous month	California Business Daily	https://pipeline.locallabs.com/stories/513990163	2019-10-16 08:27:48	California Business Daily - Housing Units by Month and Region Monthly Change HLE	Metro Business Network
Home construction in the West increases in May	California Business Daily	https://pipeline.locallabs.com/stories/513990162	2019-10-15 07:34:21	California Business Daily - Housing Units by Month and Region Monthly Change HLE	Metro Business Network
May housing construction in the West decreases from previous month	California Business Daily	https://pipeline.locallabs.com/stories/513990161	2019-10-14 10:27:14	California Business Daily - Housing Units by Month and Region Monthly Change HLE	Metro Business Network
Authorization for construction on housing units in the West increases in May	California Business Daily	https://pipeline.locallabs.com/stories/513990160	2019-10-13 08:30:31	California Business Daily - Housing Units by Month and Region Monthly Change HLE	Metro Business Network
Completed construction of West housing units in May increases over previous month	Colorado Business Daily	https://pipeline.locallabs.com/stories/513990168	2019-10-16 09:09:08	Colorado Business Daily - Housing Units by Month and Region Monthly Change HLE	Metro Business Network
Home construction in the West increases in May	Colorado Business Daily	https://pipeline.locallabs.com/stories/513990167	2019-10-15 07:12:21	Colorado Business Daily - Housing Units by Month and Region Monthly Change HLE	Metro Business Network
May housing construction in the West decreases from previous month	Colorado Business Daily	https://pipeline.locallabs.com/stories/513990166	2019-10-14 11:31:58	Colorado Business Daily - Housing Units by Month and Region Monthly Change HLE	Metro Business Network
Authorization for construction on housing units in the West increases in May	Colorado Business Daily	https://pipeline.locallabs.com/stories/513990165	2019-10-13 09:35:42	Colorado Business Daily - Housing Units by Month and Region Monthly Change HLE	Metro Business Network
Construction permits authorized on West housing units in May increases over previous month	Colorado Business Daily	https://pipeline.locallabs.com/stories/513990164	2019-10-12 08:40:42	Colorado Business Daily - Housing Units by Month and Region Monthly Change HLE	Metro Business Network
Completed construction of Northeast housing units in May decreases over previous month	Connecticut Business Daily	https://pipeline.locallabs.com/stories/513990173	2019-10-16 08:30:17	Connecticut Business Daily - Housing Units by Month and Region Monthly Change HLE	Metro Business Network
Home construction in the Northeast increases in May	Connecticut Business Daily	https://pipeline.locallabs.com/stories/513990172	2019-10-15 09:55:52	Connecticut Business Daily - Housing Units by Month and Region Monthly Change HLE	Metro Business Network
May housing construction in the Northeast decreases from previous month	Connecticut Business Daily	https://pipeline.locallabs.com/stories/513990171	2019-10-14 11:41:11	Connecticut Business Daily - Housing Units by Month and Region Monthly Change HLE	Metro Business Network
Authorization for construction on housing units in the Northeast increases in May	Connecticut Business Daily	https://pipeline.locallabs.com/stories/513990170	2019-10-13 07:54:23	Connecticut Business Daily - Housing Units by Month and Region Monthly Change HLE	Metro Business Network
Construction permits authorized on Northeast housing units in May decreases over previous month	Connecticut Business Daily	https://pipeline.locallabs.com/stories/513990169	2019-10-12 08:59:46	Connecticut Business Daily - Housing Units by Month and Region Monthly Change HLE	Metro Business Network
Authorization for construction on housing units in the South remains steady in May	Delaware Business Daily	https://pipeline.locallabs.com/stories/513990175	2019-10-13 09:34:39	Delaware Business Daily - Housing Units by Month and Region Monthly Change HLE	Metro Business Network
Construction permits authorized on South housing units in May increases over previous month	Delaware Business Daily	https://pipeline.locallabs.com/stories/513990174	2019-10-12 09:19:09	Delaware Business Daily - Housing Units by Month and Region Monthly Change HLE	Metro Business Network
Completed construction of South housing units in May decreases over previous month	Delaware Business Daily	https://pipeline.locallabs.com/stories/513990178	2019-10-16 07:50:09	Delaware Business Daily - Housing Units by Month and Region Monthly Change HLE	Metro Business Network
Home construction in the South increases in May	Delaware Business Daily	https://pipeline.locallabs.com/stories/513990177	2019-10-15 09:12:33	Delaware Business Daily - Housing Units by Month and Region Monthly Change HLE	Metro Business Network
May housing construction in the South increases from previous month	Delaware Business Daily	https://pipeline.locallabs.com/stories/513990176	2019-10-14 11:43:42	Delaware Business Daily - Housing Units by Month and Region Monthly Change HLE	Metro Business Network
Completed construction of South housing units in May decreases over previous month	Florida Business Daily	https://pipeline.locallabs.com/stories/513990183	2019-10-16 09:53:35	Florida Business Daily - Housing Units by Month and Region Monthly Change HLE	Metro Business Network
Home construction in the South increases in May	Florida Business Daily	https://pipeline.locallabs.com/stories/513990182	2019-10-15 07:08:51	Florida Business Daily - Housing Units by Month and Region Monthly Change HLE	Metro Business Network
May housing construction in the South increases from previous month	Florida Business Daily	https://pipeline.locallabs.com/stories/513990181	2019-10-14 10:04:43	Florida Business Daily - Housing Units by Month and Region Monthly Change HLE	Metro Business Network
Authorization for construction on housing units in the South remains steady in May	Florida Business Daily	https://pipeline.locallabs.com/stories/513990180	2019-10-13 09:53:17	Florida Business Daily - Housing Units by Month and Region Monthly Change HLE	Metro Business Network
Construction permits authorized on South housing units in May increases over previous month	Florida Business Daily	https://pipeline.locallabs.com/stories/513990179	2019-10-12 08:37:39	Florida Business Daily - Housing Units by Month and Region Monthly Change HLE	Metro Business Network
Completed construction of South housing units in May decreases over previous month	Georgia Business Daily	https://pipeline.locallabs.com/stories/513990188	2019-10-16 09:01:35	Georgia Business Daily - Housing Units by Month and Region Monthly Change HLE	Metro Business Network
Home construction in the South increases in May	Georgia Business Daily	https://pipeline.locallabs.com/stories/513990187	2019-10-15 08:50:26	Georgia Business Daily - Housing Units by Month and Region Monthly Change HLE	Metro Business Network
May housing construction in the South increases from previous month	Georgia Business Daily	https://pipeline.locallabs.com/stories/513990186	2019-10-14 11:40:03	Georgia Business Daily - Housing Units by Month and Region Monthly Change HLE	Metro Business Network
Authorization for construction on housing units in the South remains steady in May	Georgia Business Daily	https://pipeline.locallabs.com/stories/513990185	2019-10-13 07:32:50	Georgia Business Daily - Housing Units by Month and Region Monthly Change HLE	Metro Business Network
Construction permits authorized on South housing units in May increases over previous month	Georgia Business Daily	https://pipeline.locallabs.com/stories/513990184	2019-10-12 09:09:47	Georgia Business Daily - Housing Units by Month and Region Monthly Change HLE	Metro Business Network
Completed construction of West housing units in May increases over previous month	Hawaii Business Daily	https://pipeline.locallabs.com/stories/513990193	2019-10-16 07:48:12	Hawaii Business Daily - Housing Units by Month and Region Monthly Change HLE	Metro Business Network
Home construction in the West increases in May	Hawaii Business Daily	https://pipeline.locallabs.com/stories/513990192	2019-10-15 07:53:51	Hawaii Business Daily - Housing Units by Month and Region Monthly Change HLE	Metro Business Network
May housing construction in the West decreases from previous month	Hawaii Business Daily	https://pipeline.locallabs.com/stories/513990191	2019-10-14 11:28:30	Hawaii Business Daily - Housing Units by Month and Region Monthly Change HLE	Metro Business Network
Authorization for construction on housing units in the West increases in May	Hawaii Business Daily	https://pipeline.locallabs.com/stories/513990190	2019-10-13 07:36:20	Hawaii Business Daily - Housing Units by Month and Region Monthly Change HLE	Metro Business Network
Construction permits authorized on West housing units in May increases over previous month	Hawaii Business Daily	https://pipeline.locallabs.com/stories/513990189	2019-10-12 08:54:29	Hawaii Business Daily - Housing Units by Month and Region Monthly Change HLE	Metro Business Network
Construction permits authorized on West housing units in May increases over previous month	Idaho Business Daily	https://pipeline.locallabs.com/stories/513990194	2019-10-12 09:07:44	Idaho Business Daily - Housing Units by Month and Region Monthly Change HLE	Metro Business Network
Completed construction of West housing units in May increases over previous month	Idaho Business Daily	https://pipeline.locallabs.com/stories/513990198	2019-10-16 09:50:20	Idaho Business Daily - Housing Units by Month and Region Monthly Change HLE	Metro Business Network
Home construction in the West increases in May	Idaho Business Daily	https://pipeline.locallabs.com/stories/513990197	2019-10-15 08:26:19	Idaho Business Daily - Housing Units by Month and Region Monthly Change HLE	Metro Business Network
May housing construction in the West decreases from previous month	Idaho Business Daily	https://pipeline.locallabs.com/stories/513990196	2019-10-14 10:55:03	Idaho Business Daily - Housing Units by Month and Region Monthly Change HLE	Metro Business Network
Authorization for construction on housing units in the West increases in May	Idaho Business Daily	https://pipeline.locallabs.com/stories/513990195	2019-10-13 07:28:19	Idaho Business Daily - Housing Units by Month and Region Monthly Change HLE	Metro Business Network
Completed construction of Midwest housing units in May increases over previous month	Illinois Business Daily	https://pipeline.locallabs.com/stories/513990202	2019-10-16 07:19:37	Illinois Business Daily - Housing Units by Month and Region Monthly Change HLE	Metro Business Network
Home construction in the Midwest increases in May	Illinois Business Daily	https://pipeline.locallabs.com/stories/513990201	2019-10-15 09:12:52	Illinois Business Daily - Housing Units by Month and Region Monthly Change HLE	Metro Business Network
May housing construction in the Midwest increases from previous month	Illinois Business Daily	https://pipeline.locallabs.com/stories/513990200	2019-10-14 11:39:43	Illinois Business Daily - Housing Units by Month and Region Monthly Change HLE	Metro Business Network
Authorization for construction on housing units in the Midwest decreases in May	Illinois Business Daily	https://pipeline.locallabs.com/stories/513990199	2019-10-13 09:11:27	Illinois Business Daily - Housing Units by Month and Region Monthly Change HLE	Metro Business Network
Construction permits authorized on Midwest housing units in May decreases over previous month	Illinois Business Daily	https://pipeline.locallabs.com/stories/513990138	2019-10-12 09:25:48	Illinois Business Daily - Housing Units by Month and Region Monthly Change HLE	Metro Business Network
Completed construction of Midwest housing units in May increases over previous month	Indiana Business Daily	https://pipeline.locallabs.com/stories/513990207	2019-10-16 08:38:37	Indiana Business Daily - Housing Units by Month and Region Monthly Change HLE	Metro Business Network
Home construction in the Midwest increases in May	Indiana Business Daily	https://pipeline.locallabs.com/stories/513990206	2019-10-15 08:22:42	Indiana Business Daily - Housing Units by Month and Region Monthly Change HLE	Metro Business Network
May housing construction in the Midwest increases from previous month	Indiana Business Daily	https://pipeline.locallabs.com/stories/513990205	2019-10-14 10:20:53	Indiana Business Daily - Housing Units by Month and Region Monthly Change HLE	Metro Business Network
Authorization for construction on housing units in the Midwest decreases in May	Indiana Business Daily	https://pipeline.locallabs.com/stories/513990204	2019-10-13 07:42:26	Indiana Business Daily - Housing Units by Month and Region Monthly Change HLE	Metro Business Network
Construction permits authorized on Midwest housing units in May decreases over previous month	Indiana Business Daily	https://pipeline.locallabs.com/stories/513990203	2019-10-12 08:48:38	Indiana Business Daily - Housing Units by Month and Region Monthly Change HLE	Metro Business Network
Completed construction of Midwest housing units in May increases over previous month	Iowa Business Daily	https://pipeline.locallabs.com/stories/513990212	2019-10-16 09:16:07	Iowa Business Daily - Housing Units by Month and Region Monthly Change HLE	Metro Business Network
Home construction in the Midwest increases in May	Iowa Business Daily	https://pipeline.locallabs.com/stories/513990211	2019-10-15 07:34:55	Iowa Business Daily - Housing Units by Month and Region Monthly Change HLE	Metro Business Network
May housing construction in the Midwest increases from previous month	Iowa Business Daily	https://pipeline.locallabs.com/stories/513990210	2019-10-14 11:19:45	Iowa Business Daily - Housing Units by Month and Region Monthly Change HLE	Metro Business Network
Authorization for construction on housing units in the Midwest decreases in May	Iowa Business Daily	https://pipeline.locallabs.com/stories/513990209	2019-10-13 09:12:20	Iowa Business Daily - Housing Units by Month and Region Monthly Change HLE	Metro Business Network
Construction permits authorized on Midwest housing units in May decreases over previous month	Iowa Business Daily	https://pipeline.locallabs.com/stories/513990208	2019-10-12 08:49:48	Iowa Business Daily - Housing Units by Month and Region Monthly Change HLE	Metro Business Network
Completed construction of Midwest housing units in May increases over previous month	Kansas Business Daily	https://pipeline.locallabs.com/stories/513990217	2019-10-16 08:34:07	Kansas Business Daily - Housing Units by Month and Region Monthly Change HLE	Metro Business Network
Home construction in the Midwest increases in May	Kansas Business Daily	https://pipeline.locallabs.com/stories/513990216	2019-10-15 08:05:00	Kansas Business Daily - Housing Units by Month and Region Monthly Change HLE	Metro Business Network
May housing construction in the Midwest increases from previous month	Kansas Business Daily	https://pipeline.locallabs.com/stories/513990215	2019-10-14 11:42:40	Kansas Business Daily - Housing Units by Month and Region Monthly Change HLE	Metro Business Network
Authorization for construction on housing units in the Midwest decreases in May	Kansas Business Daily	https://pipeline.locallabs.com/stories/513990214	2019-10-13 09:19:02	Kansas Business Daily - Housing Units by Month and Region Monthly Change HLE	Metro Business Network
Construction permits authorized on Midwest housing units in May decreases over previous month	Kansas Business Daily	https://pipeline.locallabs.com/stories/513990213	2019-10-12 08:31:15	Kansas Business Daily - Housing Units by Month and Region Monthly Change HLE	Metro Business Network
Authorization for construction on housing units in the South remains steady in May	Kentucky Business Daily	https://pipeline.locallabs.com/stories/513990219	2019-10-13 08:58:13	Kentucky Business Daily - Housing Units by Month and Region Monthly Change HLE	Metro Business Network
Construction permits authorized on South housing units in May increases over previous month	Kentucky Business Daily	https://pipeline.locallabs.com/stories/513990218	2019-10-12 08:33:28	Kentucky Business Daily - Housing Units by Month and Region Monthly Change HLE	Metro Business Network
Completed construction of South housing units in May decreases over previous month	Kentucky Business Daily	https://pipeline.locallabs.com/stories/513990222	2019-10-16 07:56:40	Kentucky Business Daily - Housing Units by Month and Region Monthly Change HLE	Metro Business Network
Home construction in the South increases in May	Kentucky Business Daily	https://pipeline.locallabs.com/stories/513990221	2019-10-15 07:27:16	Kentucky Business Daily - Housing Units by Month and Region Monthly Change HLE	Metro Business Network
May housing construction in the South increases from previous month	Kentucky Business Daily	https://pipeline.locallabs.com/stories/513990220	2019-10-14 11:24:36	Kentucky Business Daily - Housing Units by Month and Region Monthly Change HLE	Metro Business Network
Completed construction of Northeast housing units in May decreases over previous month	Keystone Business News	https://pipeline.locallabs.com/stories/513990227	2019-10-16 08:12:28	Keystone Business News - Housing Units by Month and Region Monthly Change HLE	Metro Business Network
Home construction in the Northeast increases in May	Keystone Business News	https://pipeline.locallabs.com/stories/513990226	2019-10-15 09:25:11	Keystone Business News - Housing Units by Month and Region Monthly Change HLE	Metro Business Network
May housing construction in the Northeast decreases from previous month	Keystone Business News	https://pipeline.locallabs.com/stories/513990225	2019-10-14 11:58:20	Keystone Business News - Housing Units by Month and Region Monthly Change HLE	Metro Business Network
Authorization for construction on housing units in the Northeast increases in May	Keystone Business News	https://pipeline.locallabs.com/stories/513990224	2019-10-13 08:03:26	Keystone Business News - Housing Units by Month and Region Monthly Change HLE	Metro Business Network
Construction permits authorized on Northeast housing units in May decreases over previous month	Keystone Business News	https://pipeline.locallabs.com/stories/513990223	2019-10-12 08:47:53	Keystone Business News - Housing Units by Month and Region Monthly Change HLE	Metro Business Network
Completed construction of South housing units in May decreases over previous month	Louisiana Business Daily	https://pipeline.locallabs.com/stories/513990232	2019-10-16 08:14:50	Louisiana Business Daily - Housing Units by Month and Region Monthly Change HLE	Metro Business Network
Home construction in the South increases in May	Louisiana Business Daily	https://pipeline.locallabs.com/stories/513990231	2019-10-15 09:00:52	Louisiana Business Daily - Housing Units by Month and Region Monthly Change HLE	Metro Business Network
May housing construction in the South increases from previous month	Louisiana Business Daily	https://pipeline.locallabs.com/stories/513990230	2019-10-14 10:22:51	Louisiana Business Daily - Housing Units by Month and Region Monthly Change HLE	Metro Business Network
Authorization for construction on housing units in the South remains steady in May	Louisiana Business Daily	https://pipeline.locallabs.com/stories/513990229	2019-10-13 08:55:06	Louisiana Business Daily - Housing Units by Month and Region Monthly Change HLE	Metro Business Network
Construction permits authorized on South housing units in May increases over previous month	Louisiana Business Daily	https://pipeline.locallabs.com/stories/513990228	2019-10-12 08:51:08	Louisiana Business Daily - Housing Units by Month and Region Monthly Change HLE	Metro Business Network
Completed construction of Northeast housing units in May decreases over previous month	Maine Business Daily	https://pipeline.locallabs.com/stories/513990237	2019-10-16 07:46:13	Maine Business Daily - Housing Units by Month and Region Monthly Change HLE	Metro Business Network
Home construction in the Northeast increases in May	Maine Business Daily	https://pipeline.locallabs.com/stories/513990236	2019-10-15 07:01:49	Maine Business Daily - Housing Units by Month and Region Monthly Change HLE	Metro Business Network
May housing construction in the Northeast decreases from previous month	Maine Business Daily	https://pipeline.locallabs.com/stories/513990235	2019-10-14 11:33:10	Maine Business Daily - Housing Units by Month and Region Monthly Change HLE	Metro Business Network
Authorization for construction on housing units in the Northeast increases in May	Maine Business Daily	https://pipeline.locallabs.com/stories/513990234	2019-10-13 07:07:10	Maine Business Daily - Housing Units by Month and Region Monthly Change HLE	Metro Business Network
Construction permits authorized on Northeast housing units in May decreases over previous month	Maine Business Daily	https://pipeline.locallabs.com/stories/513990233	2019-10-12 08:30:02	Maine Business Daily - Housing Units by Month and Region Monthly Change HLE	Metro Business Network
May housing construction in the South increases from previous month	Maryland Business Daily	https://pipeline.locallabs.com/stories/513990240	2019-10-14 11:21:07	Maryland Business Daily - Housing Units by Month and Region Monthly Change HLE	Metro Business Network
Authorization for construction on housing units in the South remains steady in May	Maryland Business Daily	https://pipeline.locallabs.com/stories/513990239	2019-10-13 08:06:18	Maryland Business Daily - Housing Units by Month and Region Monthly Change HLE	Metro Business Network
Construction permits authorized on South housing units in May increases over previous month	Maryland Business Daily	https://pipeline.locallabs.com/stories/513990238	2019-10-12 08:30:59	Maryland Business Daily - Housing Units by Month and Region Monthly Change HLE	Metro Business Network
Completed construction of South housing units in May decreases over previous month	Maryland Business Daily	https://pipeline.locallabs.com/stories/513990242	2019-10-16 09:10:34	Maryland Business Daily - Housing Units by Month and Region Monthly Change HLE	Metro Business Network
Home construction in the South increases in May	Maryland Business Daily	https://pipeline.locallabs.com/stories/513990241	2019-10-15 08:13:10	Maryland Business Daily - Housing Units by Month and Region Monthly Change HLE	Metro Business Network
Completed construction of Northeast housing units in May decreases over previous month	Massachusetts Business Daily	https://pipeline.locallabs.com/stories/513990247	2019-10-16 07:34:54	Massachusetts Business Daily - Housing Units by Month and Region Monthly Change HLE	Metro Business Network
Home construction in the Northeast increases in May	Massachusetts Business Daily	https://pipeline.locallabs.com/stories/513990246	2019-10-15 09:27:02	Massachusetts Business Daily - Housing Units by Month and Region Monthly Change HLE	Metro Business Network
May housing construction in the Northeast decreases from previous month	Massachusetts Business Daily	https://pipeline.locallabs.com/stories/513990245	2019-10-14 11:49:37	Massachusetts Business Daily - Housing Units by Month and Region Monthly Change HLE	Metro Business Network
Authorization for construction on housing units in the Northeast increases in May	Massachusetts Business Daily	https://pipeline.locallabs.com/stories/513990244	2019-10-13 07:23:23	Massachusetts Business Daily - Housing Units by Month and Region Monthly Change HLE	Metro Business Network
Construction permits authorized on Northeast housing units in May decreases over previous month	Massachusetts Business Daily	https://pipeline.locallabs.com/stories/513990243	2019-10-12 09:05:16	Massachusetts Business Daily - Housing Units by Month and Region Monthly Change HLE	Metro Business Network
Completed construction of Midwest housing units in May increases over previous month	Michigan Business Daily	https://pipeline.locallabs.com/stories/513990252	2019-10-16 08:05:35	Michigan Business Daily - Housing Units by Month and Region Monthly Change HLE	Metro Business Network
Home construction in the Midwest increases in May	Michigan Business Daily	https://pipeline.locallabs.com/stories/513990251	2019-10-15 08:49:04	Michigan Business Daily - Housing Units by Month and Region Monthly Change HLE	Metro Business Network
May housing construction in the Midwest increases from previous month	Michigan Business Daily	https://pipeline.locallabs.com/stories/513990250	2019-10-14 11:17:21	Michigan Business Daily - Housing Units by Month and Region Monthly Change HLE	Metro Business Network
Authorization for construction on housing units in the Midwest decreases in May	Michigan Business Daily	https://pipeline.locallabs.com/stories/513990249	2019-10-13 08:00:53	Michigan Business Daily - Housing Units by Month and Region Monthly Change HLE	Metro Business Network
Construction permits authorized on Midwest housing units in May decreases over previous month	Michigan Business Daily	https://pipeline.locallabs.com/stories/513990248	2019-10-12 09:00:33	Michigan Business Daily - Housing Units by Month and Region Monthly Change HLE	Metro Business Network
Completed construction of Midwest housing units in May increases over previous month	Minnesota Business Daily	https://pipeline.locallabs.com/stories/513990257	2019-10-16 09:37:07	Minnesota Business Daily - Housing Units by Month and Region Monthly Change HLE	Metro Business Network
Home construction in the Midwest increases in May	Minnesota Business Daily	https://pipeline.locallabs.com/stories/513990256	2019-10-15 09:33:22	Minnesota Business Daily - Housing Units by Month and Region Monthly Change HLE	Metro Business Network
May housing construction in the Midwest increases from previous month	Minnesota Business Daily	https://pipeline.locallabs.com/stories/513990255	2019-10-14 10:33:23	Minnesota Business Daily - Housing Units by Month and Region Monthly Change HLE	Metro Business Network
Authorization for construction on housing units in the Midwest decreases in May	Minnesota Business Daily	https://pipeline.locallabs.com/stories/513990254	2019-10-13 09:32:53	Minnesota Business Daily - Housing Units by Month and Region Monthly Change HLE	Metro Business Network
Construction permits authorized on Midwest housing units in May decreases over previous month	Minnesota Business Daily	https://pipeline.locallabs.com/stories/513990253	2019-10-12 08:54:14	Minnesota Business Daily - Housing Units by Month and Region Monthly Change HLE	Metro Business Network
Completed construction of South housing units in May decreases over previous month	Mississippi Business Daily	https://pipeline.locallabs.com/stories/513990262	2019-10-16 09:31:03	Mississippi Business Daily - Housing Units by Month and Region Monthly Change HLE	Metro Business Network
Home construction in the South increases in May	Mississippi Business Daily	https://pipeline.locallabs.com/stories/513990261	2019-10-15 07:58:11	Mississippi Business Daily - Housing Units by Month and Region Monthly Change HLE	Metro Business Network
May housing construction in the South increases from previous month	Mississippi Business Daily	https://pipeline.locallabs.com/stories/513990260	2019-10-14 10:00:21	Mississippi Business Daily - Housing Units by Month and Region Monthly Change HLE	Metro Business Network
Authorization for construction on housing units in the South remains steady in May	Mississippi Business Daily	https://pipeline.locallabs.com/stories/513990259	2019-10-13 09:04:34	Mississippi Business Daily - Housing Units by Month and Region Monthly Change HLE	Metro Business Network
Construction permits authorized on South housing units in May increases over previous month	Mississippi Business Daily	https://pipeline.locallabs.com/stories/513990258	2019-10-12 09:17:20	Mississippi Business Daily - Housing Units by Month and Region Monthly Change HLE	Metro Business Network
Home construction in the Midwest increases in May	Missouri Business Daily	https://pipeline.locallabs.com/stories/513990266	2019-10-15 09:48:41	Missouri Business Daily - Housing Units by Month and Region Monthly Change HLE	Metro Business Network
May housing construction in the Midwest increases from previous month	Missouri Business Daily	https://pipeline.locallabs.com/stories/513990265	2019-10-14 11:30:15	Missouri Business Daily - Housing Units by Month and Region Monthly Change HLE	Metro Business Network
Authorization for construction on housing units in the Midwest decreases in May	Missouri Business Daily	https://pipeline.locallabs.com/stories/513990264	2019-10-13 07:38:45	Missouri Business Daily - Housing Units by Month and Region Monthly Change HLE	Metro Business Network
Construction permits authorized on Midwest housing units in May decreases over previous month	Missouri Business Daily	https://pipeline.locallabs.com/stories/513990263	2019-10-12 09:27:21	Missouri Business Daily - Housing Units by Month and Region Monthly Change HLE	Metro Business Network
Completed construction of Midwest housing units in May increases over previous month	Missouri Business Daily	https://pipeline.locallabs.com/stories/513990267	2019-10-16 07:53:36	Missouri Business Daily - Housing Units by Month and Region Monthly Change HLE	Metro Business Network
Completed construction of West housing units in May increases over previous month	Montana Business Daily	https://pipeline.locallabs.com/stories/513990272	2019-10-16 09:08:34	Montana Business Daily - Housing Units by Month and Region Monthly Change HLE	Metro Business Network
Home construction in the West increases in May	Montana Business Daily	https://pipeline.locallabs.com/stories/513990271	2019-10-15 07:23:24	Montana Business Daily - Housing Units by Month and Region Monthly Change HLE	Metro Business Network
May housing construction in the West decreases from previous month	Montana Business Daily	https://pipeline.locallabs.com/stories/513990270	2019-10-14 10:51:44	Montana Business Daily - Housing Units by Month and Region Monthly Change HLE	Metro Business Network
Authorization for construction on housing units in the West increases in May	Montana Business Daily	https://pipeline.locallabs.com/stories/513990269	2019-10-13 07:59:36	Montana Business Daily - Housing Units by Month and Region Monthly Change HLE	Metro Business Network
Construction permits authorized on West housing units in May increases over previous month	Montana Business Daily	https://pipeline.locallabs.com/stories/513990268	2019-10-12 08:49:05	Montana Business Daily - Housing Units by Month and Region Monthly Change HLE	Metro Business Network
Completed construction of Midwest housing units in May increases over previous month	Nebraska Business Daily	https://pipeline.locallabs.com/stories/513990277	2019-10-16 09:35:01	Nebraska Business Daily - Housing Units by Month and Region Monthly Change HLE	Metro Business Network
Home construction in the Midwest increases in May	Nebraska Business Daily	https://pipeline.locallabs.com/stories/513990276	2019-10-15 09:10:34	Nebraska Business Daily - Housing Units by Month and Region Monthly Change HLE	Metro Business Network
May housing construction in the Midwest increases from previous month	Nebraska Business Daily	https://pipeline.locallabs.com/stories/513990275	2019-10-14 11:25:55	Nebraska Business Daily - Housing Units by Month and Region Monthly Change HLE	Metro Business Network
Authorization for construction on housing units in the Midwest decreases in May	Nebraska Business Daily	https://pipeline.locallabs.com/stories/513990274	2019-10-13 09:33:23	Nebraska Business Daily - Housing Units by Month and Region Monthly Change HLE	Metro Business Network
Construction permits authorized on Midwest housing units in May decreases over previous month	Nebraska Business Daily	https://pipeline.locallabs.com/stories/513990273	2019-10-12 09:24:14	Nebraska Business Daily - Housing Units by Month and Region Monthly Change HLE	Metro Business Network
Completed construction of West housing units in May increases over previous month	Nevada Business Daily	https://pipeline.locallabs.com/stories/513990282	2019-10-16 08:33:52	Nevada Business Daily - Housing Units by Month and Region Monthly Change HLE	Metro Business Network
Home construction in the West increases in May	Nevada Business Daily	https://pipeline.locallabs.com/stories/513990281	2019-10-15 09:05:19	Nevada Business Daily - Housing Units by Month and Region Monthly Change HLE	Metro Business Network
May housing construction in the West decreases from previous month	Nevada Business Daily	https://pipeline.locallabs.com/stories/513990280	2019-10-14 10:39:47	Nevada Business Daily - Housing Units by Month and Region Monthly Change HLE	Metro Business Network
Authorization for construction on housing units in the West increases in May	Nevada Business Daily	https://pipeline.locallabs.com/stories/513990279	2019-10-13 07:40:50	Nevada Business Daily - Housing Units by Month and Region Monthly Change HLE	Metro Business Network
Construction permits authorized on West housing units in May increases over previous month	Nevada Business Daily	https://pipeline.locallabs.com/stories/513990278	2019-10-12 08:48:58	Nevada Business Daily - Housing Units by Month and Region Monthly Change HLE	Metro Business Network
Authorization for construction on housing units in the Northeast increases in May	New Hampshire Business Daily	https://pipeline.locallabs.com/stories/513990284	2019-10-13 09:06:34	New Hampshire Business Daily - Housing Units by Month and Region Monthly Change HLE	Metro Business Network
Completed construction of Northeast housing units in May decreases over previous month	New Hampshire Business Daily	https://pipeline.locallabs.com/stories/513990287	2019-10-16 07:56:44	New Hampshire Business Daily - Housing Units by Month and Region Monthly Change HLE	Metro Business Network
Home construction in the Northeast increases in May	New Hampshire Business Daily	https://pipeline.locallabs.com/stories/513990286	2019-10-15 09:57:26	New Hampshire Business Daily - Housing Units by Month and Region Monthly Change HLE	Metro Business Network
May housing construction in the Northeast decreases from previous month	New Hampshire Business Daily	https://pipeline.locallabs.com/stories/513990285	2019-10-14 11:26:20	New Hampshire Business Daily - Housing Units by Month and Region Monthly Change HLE	Metro Business Network
Construction permits authorized on Northeast housing units in May decreases over previous month	New Hampshire Business Daily	https://pipeline.locallabs.com/stories/513990283	2019-10-12 08:55:15	New Hampshire Business Daily - Housing Units by Month and Region Monthly Change HLE	Metro Business Network
Completed construction of Northeast housing units in May decreases over previous month	New Jersey Business Daily	https://pipeline.locallabs.com/stories/513990292	2019-10-16 09:55:36	New Jersey Business Daily - Housing Units by Month and Region Monthly Change HLE	Metro Business Network
Home construction in the Northeast increases in May	New Jersey Business Daily	https://pipeline.locallabs.com/stories/513990291	2019-10-15 08:54:10	New Jersey Business Daily - Housing Units by Month and Region Monthly Change HLE	Metro Business Network
May housing construction in the Northeast decreases from previous month	New Jersey Business Daily	https://pipeline.locallabs.com/stories/513990290	2019-10-14 11:00:59	New Jersey Business Daily - Housing Units by Month and Region Monthly Change HLE	Metro Business Network
Authorization for construction on housing units in the Northeast increases in May	New Jersey Business Daily	https://pipeline.locallabs.com/stories/513990289	2019-10-13 07:02:05	New Jersey Business Daily - Housing Units by Month and Region Monthly Change HLE	Metro Business Network
Construction permits authorized on Northeast housing units in May decreases over previous month	New Jersey Business Daily	https://pipeline.locallabs.com/stories/513990288	2019-10-12 08:57:49	New Jersey Business Daily - Housing Units by Month and Region Monthly Change HLE	Metro Business Network
May housing construction in the West decreases from previous month	New Mexico Business Daily	https://pipeline.locallabs.com/stories/513990295	2019-10-14 11:31:39	New Mexico Business Daily - Housing Units by Month and Region Monthly Change HLE	Metro Business Network
Authorization for construction on housing units in the West increases in May	New Mexico Business Daily	https://pipeline.locallabs.com/stories/513990294	2019-10-13 09:32:22	New Mexico Business Daily - Housing Units by Month and Region Monthly Change HLE	Metro Business Network
Construction permits authorized on West housing units in May increases over previous month	New Mexico Business Daily	https://pipeline.locallabs.com/stories/513990293	2019-10-12 09:20:25	New Mexico Business Daily - Housing Units by Month and Region Monthly Change HLE	Metro Business Network
Completed construction of West housing units in May increases over previous month	New Mexico Business Daily	https://pipeline.locallabs.com/stories/513990297	2019-10-16 07:40:21	New Mexico Business Daily - Housing Units by Month and Region Monthly Change HLE	Metro Business Network
Home construction in the West increases in May	New Mexico Business Daily	https://pipeline.locallabs.com/stories/513990296	2019-10-15 07:31:50	New Mexico Business Daily - Housing Units by Month and Region Monthly Change HLE	Metro Business Network
Completed construction of Northeast housing units in May decreases over previous month	New York Business Daily	https://pipeline.locallabs.com/stories/513990302	2019-10-16 09:47:31	New York Business Daily - Housing Units by Month and Region Monthly Change HLE	Metro Business Network
Home construction in the Northeast increases in May	New York Business Daily	https://pipeline.locallabs.com/stories/513990301	2019-10-15 08:39:46	New York Business Daily - Housing Units by Month and Region Monthly Change HLE	Metro Business Network
May housing construction in the Northeast decreases from previous month	New York Business Daily	https://pipeline.locallabs.com/stories/513990300	2019-10-14 11:04:07	New York Business Daily - Housing Units by Month and Region Monthly Change HLE	Metro Business Network
Authorization for construction on housing units in the Northeast increases in May	New York Business Daily	https://pipeline.locallabs.com/stories/513990299	2019-10-13 08:15:36	New York Business Daily - Housing Units by Month and Region Monthly Change HLE	Metro Business Network
Construction permits authorized on Northeast housing units in May decreases over previous month	New York Business Daily	https://pipeline.locallabs.com/stories/513990298	2019-10-12 09:05:00	New York Business Daily - Housing Units by Month and Region Monthly Change HLE	Metro Business Network
Completed construction of South housing units in May decreases over previous month	North Carolina Business Daily	https://pipeline.locallabs.com/stories/513990307	2019-10-16 08:24:52	North Carolina Business Daily - Housing Units by Month and Region Monthly Change HLE	Metro Business Network
Home construction in the South increases in May	North Carolina Business Daily	https://pipeline.locallabs.com/stories/513990306	2019-10-15 07:06:38	North Carolina Business Daily - Housing Units by Month and Region Monthly Change HLE	Metro Business Network
May housing construction in the South increases from previous month	North Carolina Business Daily	https://pipeline.locallabs.com/stories/513990305	2019-10-14 10:45:14	North Carolina Business Daily - Housing Units by Month and Region Monthly Change HLE	Metro Business Network
Authorization for construction on housing units in the South remains steady in May	North Carolina Business Daily	https://pipeline.locallabs.com/stories/513990304	2019-10-13 07:56:30	North Carolina Business Daily - Housing Units by Month and Region Monthly Change HLE	Metro Business Network
Construction permits authorized on South housing units in May increases over previous month	North Carolina Business Daily	https://pipeline.locallabs.com/stories/513990303	2019-10-12 09:16:56	North Carolina Business Daily - Housing Units by Month and Region Monthly Change HLE	Metro Business Network
Completed construction of Midwest housing units in May increases over previous month	North Dakota Business Daily	https://pipeline.locallabs.com/stories/513990312	2019-10-16 08:42:49	North Dakota Business Daily - Housing Units by Month and Region Monthly Change HLE	Metro Business Network
Home construction in the Midwest increases in May	North Dakota Business Daily	https://pipeline.locallabs.com/stories/513990311	2019-10-15 09:12:30	North Dakota Business Daily - Housing Units by Month and Region Monthly Change HLE	Metro Business Network
May housing construction in the Midwest increases from previous month	North Dakota Business Daily	https://pipeline.locallabs.com/stories/513990310	2019-10-14 10:57:05	North Dakota Business Daily - Housing Units by Month and Region Monthly Change HLE	Metro Business Network
Authorization for construction on housing units in the Midwest decreases in May	North Dakota Business Daily	https://pipeline.locallabs.com/stories/513990309	2019-10-13 09:22:22	North Dakota Business Daily - Housing Units by Month and Region Monthly Change HLE	Metro Business Network
Construction permits authorized on Midwest housing units in May decreases over previous month	North Dakota Business Daily	https://pipeline.locallabs.com/stories/513990308	2019-10-12 08:46:21	North Dakota Business Daily - Housing Units by Month and Region Monthly Change HLE	Metro Business Network
Completed construction of Midwest housing units in May increases over previous month	Ohio Business Daily	https://pipeline.locallabs.com/stories/513990317	2019-10-16 09:54:27	Ohio Business Daily - Housing Units by Month and Region Monthly Change HLE	Metro Business Network
Home construction in the Midwest increases in May	Ohio Business Daily	https://pipeline.locallabs.com/stories/513990316	2019-10-15 07:34:10	Ohio Business Daily - Housing Units by Month and Region Monthly Change HLE	Metro Business Network
May housing construction in the Midwest increases from previous month	Ohio Business Daily	https://pipeline.locallabs.com/stories/513990315	2019-10-14 11:01:05	Ohio Business Daily - Housing Units by Month and Region Monthly Change HLE	Metro Business Network
Authorization for construction on housing units in the Midwest decreases in May	Ohio Business Daily	https://pipeline.locallabs.com/stories/513990314	2019-10-13 07:21:58	Ohio Business Daily - Housing Units by Month and Region Monthly Change HLE	Metro Business Network
Construction permits authorized on Midwest housing units in May decreases over previous month	Ohio Business Daily	https://pipeline.locallabs.com/stories/513990313	2019-10-12 09:08:31	Ohio Business Daily - Housing Units by Month and Region Monthly Change HLE	Metro Business Network
Home construction in the South increases in May	Oklahoma Business Daily	https://pipeline.locallabs.com/stories/513990321	2019-10-15 08:51:56	Oklahoma Business Daily - Housing Units by Month and Region Monthly Change HLE	Metro Business Network
May housing construction in the South increases from previous month	Oklahoma Business Daily	https://pipeline.locallabs.com/stories/513990320	2019-10-14 10:28:47	Oklahoma Business Daily - Housing Units by Month and Region Monthly Change HLE	Metro Business Network
Authorization for construction on housing units in the South remains steady in May	Oklahoma Business Daily	https://pipeline.locallabs.com/stories/513990319	2019-10-13 08:13:01	Oklahoma Business Daily - Housing Units by Month and Region Monthly Change HLE	Metro Business Network
Construction permits authorized on South housing units in May increases over previous month	Oklahoma Business Daily	https://pipeline.locallabs.com/stories/513990318	2019-10-12 09:04:20	Oklahoma Business Daily - Housing Units by Month and Region Monthly Change HLE	Metro Business Network
Completed construction of South housing units in May decreases over previous month	Oklahoma Business Daily	https://pipeline.locallabs.com/stories/513990322	2019-10-16 09:51:19	Oklahoma Business Daily - Housing Units by Month and Region Monthly Change HLE	Metro Business Network
Completed construction of West housing units in May increases over previous month	Oregon Business Daily	https://pipeline.locallabs.com/stories/513990328	2019-10-16 09:13:13	Oregon Business Daily - Housing Units by Month and Region Monthly Change HLE	Metro Business Network
Home construction in the West increases in May	Oregon Business Daily	https://pipeline.locallabs.com/stories/513990327	2019-10-15 07:49:14	Oregon Business Daily - Housing Units by Month and Region Monthly Change HLE	Metro Business Network
May housing construction in the West decreases from previous month	Oregon Business Daily	https://pipeline.locallabs.com/stories/513990326	2019-10-14 11:04:13	Oregon Business Daily - Housing Units by Month and Region Monthly Change HLE	Metro Business Network
Authorization for construction on housing units in the West increases in May	Oregon Business Daily	https://pipeline.locallabs.com/stories/513990325	2019-10-13 08:16:00	Oregon Business Daily - Housing Units by Month and Region Monthly Change HLE	Metro Business Network
Construction permits authorized on West housing units in May increases over previous month	Oregon Business Daily	https://pipeline.locallabs.com/stories/513990324	2019-10-12 09:23:20	Oregon Business Daily - Housing Units by Month and Region Monthly Change HLE	Metro Business Network
Completed construction of South housing units in May decreases over previous month	Palmetto Business Daily	https://pipeline.locallabs.com/stories/513990333	2019-10-16 08:53:48	Palmetto Business Daily - Housing Units by Month and Region Monthly Change HLE	Metro Business Network
Home construction in the South increases in May	Palmetto Business Daily	https://pipeline.locallabs.com/stories/513990332	2019-10-15 09:34:26	Palmetto Business Daily - Housing Units by Month and Region Monthly Change HLE	Metro Business Network
May housing construction in the South increases from previous month	Palmetto Business Daily	https://pipeline.locallabs.com/stories/513990331	2019-10-14 11:15:33	Palmetto Business Daily - Housing Units by Month and Region Monthly Change HLE	Metro Business Network
Authorization for construction on housing units in the South remains steady in May	Palmetto Business Daily	https://pipeline.locallabs.com/stories/513990330	2019-10-13 07:25:48	Palmetto Business Daily - Housing Units by Month and Region Monthly Change HLE	Metro Business Network
Construction permits authorized on South housing units in May increases over previous month	Palmetto Business Daily	https://pipeline.locallabs.com/stories/513990329	2019-10-12 08:52:00	Palmetto Business Daily - Housing Units by Month and Region Monthly Change HLE	Metro Business Network
Completed construction of Northeast housing units in May decreases over previous month	Rhode Island Business Daily	https://pipeline.locallabs.com/stories/513990338	2019-10-16 09:45:02	Rhode Island Business Daily - Housing Units by Month and Region Monthly Change HLE	Metro Business Network
Home construction in the Northeast increases in May	Rhode Island Business Daily	https://pipeline.locallabs.com/stories/513990337	2019-10-15 09:35:23	Rhode Island Business Daily - Housing Units by Month and Region Monthly Change HLE	Metro Business Network
May housing construction in the Northeast decreases from previous month	Rhode Island Business Daily	https://pipeline.locallabs.com/stories/513990336	2019-10-14 11:25:09	Rhode Island Business Daily - Housing Units by Month and Region Monthly Change HLE	Metro Business Network
Authorization for construction on housing units in the Northeast increases in May	Rhode Island Business Daily	https://pipeline.locallabs.com/stories/513990335	2019-10-13 08:07:58	Rhode Island Business Daily - Housing Units by Month and Region Monthly Change HLE	Metro Business Network
Construction permits authorized on Northeast housing units in May decreases over previous month	Rhode Island Business Daily	https://pipeline.locallabs.com/stories/513990334	2019-10-12 08:35:44	Rhode Island Business Daily - Housing Units by Month and Region Monthly Change HLE	Metro Business Network
Completed construction of Midwest housing units in May increases over previous month	South Dakota Business Daily	https://pipeline.locallabs.com/stories/513990343	2019-10-16 08:45:05	South Dakota Business Daily - Housing Units by Month and Region Monthly Change HLE	Metro Business Network
Home construction in the Midwest increases in May	South Dakota Business Daily	https://pipeline.locallabs.com/stories/513990342	2019-10-15 08:06:10	South Dakota Business Daily - Housing Units by Month and Region Monthly Change HLE	Metro Business Network
May housing construction in the Midwest increases from previous month	South Dakota Business Daily	https://pipeline.locallabs.com/stories/513990341	2019-10-14 10:05:31	South Dakota Business Daily - Housing Units by Month and Region Monthly Change HLE	Metro Business Network
Authorization for construction on housing units in the Midwest decreases in May	South Dakota Business Daily	https://pipeline.locallabs.com/stories/513990340	2019-10-13 08:54:01	South Dakota Business Daily - Housing Units by Month and Region Monthly Change HLE	Metro Business Network
Construction permits authorized on Midwest housing units in May decreases over previous month	South Dakota Business Daily	https://pipeline.locallabs.com/stories/513990339	2019-10-12 08:45:56	South Dakota Business Daily - Housing Units by Month and Region Monthly Change HLE	Metro Business Network
Completed construction of South housing units in May decreases over previous month	Tennessee Business Daily	https://pipeline.locallabs.com/stories/513990348	2019-10-16 08:21:57	Tennessee Business Daily - Housing Units by Month and Region Monthly Change HLE	Metro Business Network
Home construction in the South increases in May	Tennessee Business Daily	https://pipeline.locallabs.com/stories/513990347	2019-10-15 07:40:39	Tennessee Business Daily - Housing Units by Month and Region Monthly Change HLE	Metro Business Network
May housing construction in the South increases from previous month	Tennessee Business Daily	https://pipeline.locallabs.com/stories/513990346	2019-10-14 11:42:42	Tennessee Business Daily - Housing Units by Month and Region Monthly Change HLE	Metro Business Network
Authorization for construction on housing units in the South remains steady in May	Tennessee Business Daily	https://pipeline.locallabs.com/stories/513990345	2019-10-13 09:47:18	Tennessee Business Daily - Housing Units by Month and Region Monthly Change HLE	Metro Business Network
Construction permits authorized on South housing units in May increases over previous month	Tennessee Business Daily	https://pipeline.locallabs.com/stories/513990344	2019-10-12 08:31:21	Tennessee Business Daily - Housing Units by Month and Region Monthly Change HLE	Metro Business Network
Home construction in the South increases in May	Texas Business Daily	https://pipeline.locallabs.com/stories/513990353	2019-10-15 07:09:29	Texas Business Daily - Housing Units by Month and Region Monthly Change HLE	Metro Business Network
May housing construction in the South increases from previous month	Texas Business Daily	https://pipeline.locallabs.com/stories/513990352	2019-10-14 11:02:40	Texas Business Daily - Housing Units by Month and Region Monthly Change HLE	Metro Business Network
Authorization for construction on housing units in the South remains steady in May	Texas Business Daily	https://pipeline.locallabs.com/stories/513990351	2019-10-13 08:41:48	Texas Business Daily - Housing Units by Month and Region Monthly Change HLE	Metro Business Network
Construction permits authorized on South housing units in May increases over previous month	Texas Business Daily	https://pipeline.locallabs.com/stories/513990350	2019-10-12 09:04:05	Texas Business Daily - Housing Units by Month and Region Monthly Change HLE	Metro Business Network
Completed construction of South housing units in May decreases over previous month	Texas Business Daily	https://pipeline.locallabs.com/stories/513990354	2019-10-16 08:27:24	Texas Business Daily - Housing Units by Month and Region Monthly Change HLE	Metro Business Network
Completed construction of West housing units in May increases over previous month	Utah Business Daily	https://pipeline.locallabs.com/stories/513990359	2019-10-16 07:20:55	Utah Business Daily - Housing Units by Month and Region Monthly Change HLE	Metro Business Network
Home construction in the West increases in May	Utah Business Daily	https://pipeline.locallabs.com/stories/513990358	2019-10-15 09:37:05	Utah Business Daily - Housing Units by Month and Region Monthly Change HLE	Metro Business Network
May housing construction in the West decreases from previous month	Utah Business Daily	https://pipeline.locallabs.com/stories/513990357	2019-10-14 11:19:04	Utah Business Daily - Housing Units by Month and Region Monthly Change HLE	Metro Business Network
Authorization for construction on housing units in the West increases in May	Utah Business Daily	https://pipeline.locallabs.com/stories/513990356	2019-10-13 07:42:44	Utah Business Daily - Housing Units by Month and Region Monthly Change HLE	Metro Business Network
Construction permits authorized on West housing units in May increases over previous month	Utah Business Daily	https://pipeline.locallabs.com/stories/513990355	2019-10-12 09:28:24	Utah Business Daily - Housing Units by Month and Region Monthly Change HLE	Metro Business Network
Completed construction of Northeast housing units in May decreases over previous month	Vermont Business Daily	https://pipeline.locallabs.com/stories/513990364	2019-10-16 07:59:29	Vermont Business Daily - Housing Units by Month and Region Monthly Change HLE	Metro Business Network
Home construction in the Northeast increases in May	Vermont Business Daily	https://pipeline.locallabs.com/stories/513990363	2019-10-15 07:48:53	Vermont Business Daily - Housing Units by Month and Region Monthly Change HLE	Metro Business Network
May housing construction in the Northeast decreases from previous month	Vermont Business Daily	https://pipeline.locallabs.com/stories/513990362	2019-10-14 10:04:15	Vermont Business Daily - Housing Units by Month and Region Monthly Change HLE	Metro Business Network
Authorization for construction on housing units in the Northeast increases in May	Vermont Business Daily	https://pipeline.locallabs.com/stories/513990361	2019-10-13 09:18:54	Vermont Business Daily - Housing Units by Month and Region Monthly Change HLE	Metro Business Network
Construction permits authorized on Northeast housing units in May decreases over previous month	Vermont Business Daily	https://pipeline.locallabs.com/stories/513990360	2019-10-12 08:58:16	Vermont Business Daily - Housing Units by Month and Region Monthly Change HLE	Metro Business Network
Completed construction of South housing units in May decreases over previous month	Virginia Business Daily	https://pipeline.locallabs.com/stories/513990369	2019-10-16 08:17:31	Virginia Business Daily - Housing Units by Month and Region Monthly Change HLE	Metro Business Network
Home construction in the South increases in May	Virginia Business Daily	https://pipeline.locallabs.com/stories/513990368	2019-10-15 09:25:10	Virginia Business Daily - Housing Units by Month and Region Monthly Change HLE	Metro Business Network
May housing construction in the South increases from previous month	Virginia Business Daily	https://pipeline.locallabs.com/stories/513990367	2019-10-14 10:28:38	Virginia Business Daily - Housing Units by Month and Region Monthly Change HLE	Metro Business Network
Authorization for construction on housing units in the South remains steady in May	Virginia Business Daily	https://pipeline.locallabs.com/stories/513990366	2019-10-13 09:29:37	Virginia Business Daily - Housing Units by Month and Region Monthly Change HLE	Metro Business Network
Construction permits authorized on South housing units in May increases over previous month	Virginia Business Daily	https://pipeline.locallabs.com/stories/513990365	2019-10-12 09:08:53	Virginia Business Daily - Housing Units by Month and Region Monthly Change HLE	Metro Business Network
Completed construction of West housing units in May increases over previous month	Washington Business Daily	https://pipeline.locallabs.com/stories/513990374	2019-10-16 07:18:07	Washington Business Daily - Housing Units by Month and Region Monthly Change HLE	Metro Business Network
Home construction in the West increases in May	Washington Business Daily	https://pipeline.locallabs.com/stories/513990373	2019-10-15 08:50:22	Washington Business Daily - Housing Units by Month and Region Monthly Change HLE	Metro Business Network
May housing construction in the West decreases from previous month	Washington Business Daily	https://pipeline.locallabs.com/stories/513990372	2019-10-14 11:27:25	Washington Business Daily - Housing Units by Month and Region Monthly Change HLE	Metro Business Network
Authorization for construction on housing units in the West increases in May	Washington Business Daily	https://pipeline.locallabs.com/stories/513990371	2019-10-13 09:10:33	Washington Business Daily - Housing Units by Month and Region Monthly Change HLE	Metro Business Network
Construction permits authorized on West housing units in May increases over previous month	Washington Business Daily	https://pipeline.locallabs.com/stories/513990370	2019-10-12 08:53:02	Washington Business Daily - Housing Units by Month and Region Monthly Change HLE	Metro Business Network
Construction permits authorized on South housing units in May increases over previous month	Washington D.C. Business Daily	https://pipeline.locallabs.com/stories/513990375	2019-10-12 08:55:06	Washington D.C. Business Daily - Housing Units by Month and Region Monthly Change HLE	Metro Business Network
Completed construction of South housing units in May decreases over previous month	Washington D.C. Business Daily	https://pipeline.locallabs.com/stories/513990379	2019-10-16 08:56:24	Washington D.C. Business Daily - Housing Units by Month and Region Monthly Change HLE	Metro Business Network
Home construction in the South increases in May	Washington D.C. Business Daily	https://pipeline.locallabs.com/stories/513990378	2019-10-15 09:58:48	Washington D.C. Business Daily - Housing Units by Month and Region Monthly Change HLE	Metro Business Network
May housing construction in the South increases from previous month	Washington D.C. Business Daily	https://pipeline.locallabs.com/stories/513990377	2019-10-14 10:30:00	Washington D.C. Business Daily - Housing Units by Month and Region Monthly Change HLE	Metro Business Network
Authorization for construction on housing units in the South remains steady in May	Washington D.C. Business Daily	https://pipeline.locallabs.com/stories/513990376	2019-10-13 07:49:41	Washington D.C. Business Daily - Housing Units by Month and Region Monthly Change HLE	Metro Business Network
Completed construction of South housing units in May decreases over previous month	West Virginia Business Daily	https://pipeline.locallabs.com/stories/513990384	2019-10-16 09:11:24	West Virginia Business Daily - Housing Units by Month and Region Monthly Change HLE	Metro Business Network
Home construction in the South increases in May	West Virginia Business Daily	https://pipeline.locallabs.com/stories/513990383	2019-10-15 07:20:31	West Virginia Business Daily - Housing Units by Month and Region Monthly Change HLE	Metro Business Network
May housing construction in the South increases from previous month	West Virginia Business Daily	https://pipeline.locallabs.com/stories/513990382	2019-10-14 10:25:57	West Virginia Business Daily - Housing Units by Month and Region Monthly Change HLE	Metro Business Network
Authorization for construction on housing units in the South remains steady in May	West Virginia Business Daily	https://pipeline.locallabs.com/stories/513990381	2019-10-13 08:09:36	West Virginia Business Daily - Housing Units by Month and Region Monthly Change HLE	Metro Business Network
Construction permits authorized on South housing units in May increases over previous month	West Virginia Business Daily	https://pipeline.locallabs.com/stories/513990380	2019-10-12 09:18:23	West Virginia Business Daily - Housing Units by Month and Region Monthly Change HLE	Metro Business Network
Completed construction of Midwest housing units in May increases over previous month	Wisconsin Business Daily	https://pipeline.locallabs.com/stories/513990389	2019-10-16 09:34:05	Wisconsin Business Daily - Housing Units by Month and Region Monthly Change HLE	Metro Business Network
Home construction in the Midwest increases in May	Wisconsin Business Daily	https://pipeline.locallabs.com/stories/513990388	2019-10-15 07:09:47	Wisconsin Business Daily - Housing Units by Month and Region Monthly Change HLE	Metro Business Network
May housing construction in the Midwest increases from previous month	Wisconsin Business Daily	https://pipeline.locallabs.com/stories/513990387	2019-10-14 10:35:49	Wisconsin Business Daily - Housing Units by Month and Region Monthly Change HLE	Metro Business Network
Authorization for construction on housing units in the Midwest decreases in May	Wisconsin Business Daily	https://pipeline.locallabs.com/stories/513990386	2019-10-13 08:47:48	Wisconsin Business Daily - Housing Units by Month and Region Monthly Change HLE	Metro Business Network
Construction permits authorized on Midwest housing units in May decreases over previous month	Wisconsin Business Daily	https://pipeline.locallabs.com/stories/513990385	2019-10-12 09:20:18	Wisconsin Business Daily - Housing Units by Month and Region Monthly Change HLE	Metro Business Network
Home construction in the West increases in May	Wyoming Business Daily	https://pipeline.locallabs.com/stories/513990393	2019-10-15 07:53:57	Wyoming Business Daily - Housing Units by Month and Region Monthly Change HLE	Metro Business Network
May housing construction in the West decreases from previous month	Wyoming Business Daily	https://pipeline.locallabs.com/stories/513990392	2019-10-14 11:06:28	Wyoming Business Daily - Housing Units by Month and Region Monthly Change HLE	Metro Business Network
Completed construction of West housing units in May increases over previous month	Wyoming Business Daily	https://pipeline.locallabs.com/stories/513990394	2019-10-16 08:48:42	Wyoming Business Daily - Housing Units by Month and Region Monthly Change HLE	Metro Business Network
Authorization for construction on housing units in the West increases in May	Wyoming Business Daily	https://pipeline.locallabs.com/stories/513990391	2019-10-13 08:11:25	Wyoming Business Daily - Housing Units by Month and Region Monthly Change HLE	Metro Business Network
Construction permits authorized on West housing units in May increases over previous month	Wyoming Business Daily	https://pipeline.locallabs.com/stories/513990390	2019-10-12 08:32:44	Wyoming Business Daily - Housing Units by Month and Region Monthly Change HLE	Metro Business Network
