1 certified residential appraiser license is set to expire in Gilbert during week ending Oct. 04	Arizona Business Daily	https://pipeline.locallabs.com/stories/555464787	2020-09-23 07:59:27	Arizona Business Daily - Arizona - Professional License Type Expiring in the Coming Week (City - Week) HLE	Metro Business Network
8 certified residential appraiser licenses are set to expire in Mesa during week ending Oct. 04	Arizona Business Daily	https://pipeline.locallabs.com/stories/555464772	2020-09-23 08:38:57	Arizona Business Daily - Arizona - Professional License Type Expiring in the Coming Week (City - Week) HLE	Metro Business Network
6 acupuncturist licenses are set to expire in Scottsdale during week ending Oct. 04	Arizona Business Daily	https://pipeline.locallabs.com/stories/555464756	2020-09-23 08:49:08	Arizona Business Daily - Arizona - Professional License Type Expiring in the Coming Week (City - Week) HLE	Metro Business Network
4 psychologist licenses are set to expire in Tempe during week ending Oct. 04	Arizona Business Daily	https://pipeline.locallabs.com/stories/555464740	2020-09-23 09:39:13	Arizona Business Daily - Arizona - Professional License Type Expiring in the Coming Week (City - Week) HLE	Metro Business Network
6 athletic trainer licenses are set to expire in Phoenix during week ending Oct. 04	Arizona Business Daily	https://pipeline.locallabs.com/stories/555464812	2020-09-23 09:35:50	Arizona Business Daily - Arizona - Professional License Type Expiring in the Coming Week (City - Week) HLE	Metro Business Network
1 athletic trainer license is set to expire in Glendale during week ending Oct. 04	Arizona Business Daily	https://pipeline.locallabs.com/stories/555464721	2020-09-23 08:36:02	Arizona Business Daily - Arizona - Professional License Type Expiring in the Coming Week (City - Week) HLE	Metro Business Network
1 certified residential appraiser license is set to expire in Concho during week ending Oct. 04	Arizona Business Daily	https://pipeline.locallabs.com/stories/555464798	2020-09-23 08:04:23	Arizona Business Daily - Arizona - Professional License Type Expiring in the Coming Week (City - Week) HLE	Metro Business Network
1 licensed residential appraiser license is set to expire in Paulden during week ending Oct. 04	Arizona Business Daily	https://pipeline.locallabs.com/stories/555464773	2020-09-23 09:21:35	Arizona Business Daily - Arizona - Professional License Type Expiring in the Coming Week (City - Week) HLE	Metro Business Network
1 barber license is set to expire in Scottsdale during week ending Oct. 04	Arizona Business Daily	https://pipeline.locallabs.com/stories/555464755	2020-09-23 08:45:11	Arizona Business Daily - Arizona - Professional License Type Expiring in the Coming Week (City - Week) HLE	Metro Business Network
12 acupuncturist licenses are set to expire in Tucson during week ending Oct. 04	Arizona Business Daily	https://pipeline.locallabs.com/stories/555464739	2020-09-23 07:41:45	Arizona Business Daily - Arizona - Professional License Type Expiring in the Coming Week (City - Week) HLE	Metro Business Network
2 occupational therapist licenses are set to expire in Phoenix during week ending Oct. 04	Arizona Business Daily	https://pipeline.locallabs.com/stories/555464814	2020-09-23 07:26:41	Arizona Business Daily - Arizona - Professional License Type Expiring in the Coming Week (City - Week) HLE	Metro Business Network
2 optometrist licenses are set to expire in Tucson during week ending Oct. 04	Arizona Business Daily	https://pipeline.locallabs.com/stories/555464720	2020-09-23 07:31:59	Arizona Business Daily - Arizona - Professional License Type Expiring in the Coming Week (City - Week) HLE	Metro Business Network
1 occupational therapist limited license is set to expire in Gilbert during week ending Oct. 04	Arizona Business Daily	https://pipeline.locallabs.com/stories/555464788	2020-09-23 09:09:41	Arizona Business Daily - Arizona - Professional License Type Expiring in the Coming Week (City - Week) HLE	Metro Business Network
2 certified residential appraiser licenses are set to expire in Payson during week ending Oct. 04	Arizona Business Daily	https://pipeline.locallabs.com/stories/555464769	2020-09-23 07:27:32	Arizona Business Daily - Arizona - Professional License Type Expiring in the Coming Week (City - Week) HLE	Metro Business Network
2 certified general appraiser licenses are set to expire in Scottsdale during week ending Oct. 04	Arizona Business Daily	https://pipeline.locallabs.com/stories/555464754	2020-09-23 09:15:12	Arizona Business Daily - Arizona - Professional License Type Expiring in the Coming Week (City - Week) HLE	Metro Business Network
1 acupuncturist license is set to expire in Tombstone during week ending Oct. 04	Arizona Business Daily	https://pipeline.locallabs.com/stories/555464736	2020-09-23 09:15:59	Arizona Business Daily - Arizona - Professional License Type Expiring in the Coming Week (City - Week) HLE	Metro Business Network
1 athletic trainer license is set to expire in Prescott during week ending Oct. 04	Arizona Business Daily	https://pipeline.locallabs.com/stories/555464813	2020-09-23 09:55:58	Arizona Business Daily - Arizona - Professional License Type Expiring in the Coming Week (City - Week) HLE	Metro Business Network
1 athletic trainer license is set to expire in Scottsdale during week ending Oct. 04	Arizona Business Daily	https://pipeline.locallabs.com/stories/555464726	2020-09-23 09:52:10	Arizona Business Daily - Arizona - Professional License Type Expiring in the Coming Week (City - Week) HLE	Metro Business Network
3 barber licenses are set to expire in Glendale during week ending Oct. 04	Arizona Business Daily	https://pipeline.locallabs.com/stories/555464786	2020-09-23 09:54:42	Arizona Business Daily - Arizona - Professional License Type Expiring in the Coming Week (City - Week) HLE	Metro Business Network
1 certified general appraiser license is set to expire in Peoria during week ending Oct. 04	Arizona Business Daily	https://pipeline.locallabs.com/stories/555464770	2020-09-23 08:03:17	Arizona Business Daily - Arizona - Professional License Type Expiring in the Coming Week (City - Week) HLE	Metro Business Network
2 certified residential appraiser licenses are set to expire in Scottsdale during week ending Oct. 04	Arizona Business Daily	https://pipeline.locallabs.com/stories/555464751	2020-09-23 09:15:50	Arizona Business Daily - Arizona - Professional License Type Expiring in the Coming Week (City - Week) HLE	Metro Business Network
2 auricular acupuncturist licenses are set to expire in Tucson during week ending Oct. 04	Arizona Business Daily	https://pipeline.locallabs.com/stories/555464738	2020-09-23 07:38:31	Arizona Business Daily - Arizona - Professional License Type Expiring in the Coming Week (City - Week) HLE	Metro Business Network
2 optometrist licenses are set to expire in Phoenix during week ending Oct. 04	Arizona Business Daily	https://pipeline.locallabs.com/stories/555464811	2020-09-23 09:37:07	Arizona Business Daily - Arizona - Professional License Type Expiring in the Coming Week (City - Week) HLE	Metro Business Network
1 barber license is set to expire in Rio Rico during week ending Oct. 04	Arizona Business Daily	https://pipeline.locallabs.com/stories/555464723	2020-09-23 08:56:03	Arizona Business Daily - Arizona - Professional License Type Expiring in the Coming Week (City - Week) HLE	Metro Business Network
2 certified residential appraiser licenses are set to expire in Glendale during week ending Oct. 04	Arizona Business Daily	https://pipeline.locallabs.com/stories/555464784	2020-09-23 08:07:01	Arizona Business Daily - Arizona - Professional License Type Expiring in the Coming Week (City - Week) HLE	Metro Business Network
6 acupuncturist licenses are set to expire in Phoenix during week ending Oct. 04	Arizona Business Daily	https://pipeline.locallabs.com/stories/555464768	2020-09-23 07:08:49	Arizona Business Daily - Arizona - Professional License Type Expiring in the Coming Week (City - Week) HLE	Metro Business Network
1 licensed residential appraiser license is set to expire in Scottsdale during week ending Oct. 04	Arizona Business Daily	https://pipeline.locallabs.com/stories/555464753	2020-09-23 07:11:17	Arizona Business Daily - Arizona - Professional License Type Expiring in the Coming Week (City - Week) HLE	Metro Business Network
2 behavior analyst licenses are set to expire in Tucson during week ending Oct. 04	Arizona Business Daily	https://pipeline.locallabs.com/stories/555464737	2020-09-23 07:26:43	Arizona Business Daily - Arizona - Professional License Type Expiring in the Coming Week (City - Week) HLE	Metro Business Network
1 occupational therapist license is set to expire in Sun City West during week ending Oct. 04	Arizona Business Daily	https://pipeline.locallabs.com/stories/555464810	2020-09-23 08:55:49	Arizona Business Daily - Arizona - Professional License Type Expiring in the Coming Week (City - Week) HLE	Metro Business Network
1 athletic trainer temporary license is set to expire in Glendale during week ending Oct. 04	Arizona Business Daily	https://pipeline.locallabs.com/stories/555464724	2020-09-23 09:49:44	Arizona Business Daily - Arizona - Professional License Type Expiring in the Coming Week (City - Week) HLE	Metro Business Network
1 psychologist license is set to expire in Glendale during week ending Oct. 04	Arizona Business Daily	https://pipeline.locallabs.com/stories/555464783	2020-09-23 07:35:23	Arizona Business Daily - Arizona - Professional License Type Expiring in the Coming Week (City - Week) HLE	Metro Business Network
7 psychologist licenses are set to expire in Scottsdale during week ending Oct. 04	Arizona Business Daily	https://pipeline.locallabs.com/stories/555464752	2020-09-23 07:19:20	Arizona Business Daily - Arizona - Professional License Type Expiring in the Coming Week (City - Week) HLE	Metro Business Network
5 barber licenses are set to expire in Tucson during week ending Oct. 04	Arizona Business Daily	https://pipeline.locallabs.com/stories/555464735	2020-09-23 08:50:36	Arizona Business Daily - Arizona - Professional License Type Expiring in the Coming Week (City - Week) HLE	Metro Business Network
1 athletic trainer license is set to expire in Tempe during week ending Oct. 04	Arizona Business Daily	https://pipeline.locallabs.com/stories/555464809	2020-09-23 07:09:29	Arizona Business Daily - Arizona - Professional License Type Expiring in the Coming Week (City - Week) HLE	Metro Business Network
1 occupational therapist license is set to expire in Gold Canyon during week ending Oct. 04	Arizona Business Daily	https://pipeline.locallabs.com/stories/555464785	2020-09-23 09:34:24	Arizona Business Daily - Arizona - Professional License Type Expiring in the Coming Week (City - Week) HLE	Metro Business Network
4 behavior analyst licenses are set to expire in Phoenix during week ending Oct. 04	Arizona Business Daily	https://pipeline.locallabs.com/stories/555464767	2020-09-23 07:39:35	Arizona Business Daily - Arizona - Professional License Type Expiring in the Coming Week (City - Week) HLE	Metro Business Network
1 psychologist license is set to expire in Sierra Vista during week ending Oct. 04	Arizona Business Daily	https://pipeline.locallabs.com/stories/555464750	2020-09-23 07:13:51	Arizona Business Daily - Arizona - Professional License Type Expiring in the Coming Week (City - Week) HLE	Metro Business Network
2 certified general appraiser licenses are set to expire in Tucson during week ending Oct. 04	Arizona Business Daily	https://pipeline.locallabs.com/stories/555464734	2020-09-23 09:46:59	Arizona Business Daily - Arizona - Professional License Type Expiring in the Coming Week (City - Week) HLE	Metro Business Network
1 occupational therapist license is set to expire in Tucson during week ending Oct. 04	Arizona Business Daily	https://pipeline.locallabs.com/stories/555464808	2020-09-23 07:33:35	Arizona Business Daily - Arizona - Professional License Type Expiring in the Coming Week (City - Week) HLE	Metro Business Network
1 behavior analyst license is set to expire in Goodyear during week ending Oct. 04	Arizona Business Daily	https://pipeline.locallabs.com/stories/555464782	2020-09-23 07:20:47	Arizona Business Daily - Arizona - Professional License Type Expiring in the Coming Week (City - Week) HLE	Metro Business Network
8 barber licenses are set to expire in Phoenix during week ending Oct. 04	Arizona Business Daily	https://pipeline.locallabs.com/stories/555464766	2020-09-23 08:19:18	Arizona Business Daily - Arizona - Professional License Type Expiring in the Coming Week (City - Week) HLE	Metro Business Network
1 psychologist license is set to expire in Somerton during week ending Oct. 04	Arizona Business Daily	https://pipeline.locallabs.com/stories/555464749	2020-09-23 08:33:41	Arizona Business Daily - Arizona - Professional License Type Expiring in the Coming Week (City - Week) HLE	Metro Business Network
1 certified residential appraiser license is set to expire in Tucson during week ending Oct. 04	Arizona Business Daily	https://pipeline.locallabs.com/stories/555464733	2020-09-23 07:03:35	Arizona Business Daily - Arizona - Professional License Type Expiring in the Coming Week (City - Week) HLE	Metro Business Network
1 acupuncturist license is set to expire in Anthem during week ending Oct. 04	Arizona Business Daily	https://pipeline.locallabs.com/stories/555464807	2020-09-23 07:19:10	Arizona Business Daily - Arizona - Professional License Type Expiring in the Coming Week (City - Week) HLE	Metro Business Network
1 certified residential appraiser license is set to expire in Chino Valley during week ending Oct. 04	Arizona Business Daily	https://pipeline.locallabs.com/stories/555464797	2020-09-23 08:31:22	Arizona Business Daily - Arizona - Professional License Type Expiring in the Coming Week (City - Week) HLE	Metro Business Network
1 acupuncturist license is set to expire in Lake Havasu City during week ending Oct. 04	Arizona Business Daily	https://pipeline.locallabs.com/stories/555464780	2020-09-23 09:36:49	Arizona Business Daily - Arizona - Professional License Type Expiring in the Coming Week (City - Week) HLE	Metro Business Network
4 certified general appraiser licenses are set to expire in Phoenix during week ending Oct. 04	Arizona Business Daily	https://pipeline.locallabs.com/stories/555464765	2020-09-23 07:59:28	Arizona Business Daily - Arizona - Professional License Type Expiring in the Coming Week (City - Week) HLE	Metro Business Network
1 barber license is set to expire in Sun City during week ending Oct. 04	Arizona Business Daily	https://pipeline.locallabs.com/stories/555464748	2020-09-23 09:19:39	Arizona Business Daily - Arizona - Professional License Type Expiring in the Coming Week (City - Week) HLE	Metro Business Network
1 licensed residential appraiser license is set to expire in Tucson during week ending Oct. 04	Arizona Business Daily	https://pipeline.locallabs.com/stories/555464732	2020-09-23 09:34:38	Arizona Business Daily - Arizona - Professional License Type Expiring in the Coming Week (City - Week) HLE	Metro Business Network
1 psychologist license is set to expire in Avondale during week ending Oct. 04	Arizona Business Daily	https://pipeline.locallabs.com/stories/555464806	2020-09-23 07:01:13	Arizona Business Daily - Arizona - Professional License Type Expiring in the Coming Week (City - Week) HLE	Metro Business Network
1 certified general appraiser license is set to expire in Congress during week ending Oct. 04	Arizona Business Daily	https://pipeline.locallabs.com/stories/555464796	2020-09-23 07:32:29	Arizona Business Daily - Arizona - Professional License Type Expiring in the Coming Week (City - Week) HLE	Metro Business Network
2 certified residential appraiser licenses are set to expire in Kingman during week ending Oct. 04	Arizona Business Daily	https://pipeline.locallabs.com/stories/555464781	2020-09-23 09:14:30	Arizona Business Daily - Arizona - Professional License Type Expiring in the Coming Week (City - Week) HLE	Metro Business Network
7 certified residential appraiser licenses are set to expire in Phoenix during week ending Oct. 04	Arizona Business Daily	https://pipeline.locallabs.com/stories/555464763	2020-09-23 09:04:49	Arizona Business Daily - Arizona - Professional License Type Expiring in the Coming Week (City - Week) HLE	Metro Business Network
10 psychologist licenses are set to expire in Tucson during week ending Oct. 04	Arizona Business Daily	https://pipeline.locallabs.com/stories/555464728	2020-09-23 09:18:30	Arizona Business Daily - Arizona - Professional License Type Expiring in the Coming Week (City - Week) HLE	Metro Business Network
1 acupuncturist license is set to expire in Bisbee during week ending Oct. 04	Arizona Business Daily	https://pipeline.locallabs.com/stories/555464805	2020-09-23 08:58:03	Arizona Business Daily - Arizona - Professional License Type Expiring in the Coming Week (City - Week) HLE	Metro Business Network
2 acupuncturist licenses are set to expire in Cottonwood during week ending Oct. 04	Arizona Business Daily	https://pipeline.locallabs.com/stories/555464794	2020-09-23 08:30:05	Arizona Business Daily - Arizona - Professional License Type Expiring in the Coming Week (City - Week) HLE	Metro Business Network
1 certified residential appraiser license is set to expire in Lake Havasu City during week ending Oct. 04	Arizona Business Daily	https://pipeline.locallabs.com/stories/555464779	2020-09-23 08:52:55	Arizona Business Daily - Arizona - Professional License Type Expiring in the Coming Week (City - Week) HLE	Metro Business Network
22 psychologist licenses are set to expire in Phoenix during week ending Oct. 04	Arizona Business Daily	https://pipeline.locallabs.com/stories/555464764	2020-09-23 08:35:13	Arizona Business Daily - Arizona - Professional License Type Expiring in the Coming Week (City - Week) HLE	Metro Business Network
1 certified general appraiser license is set to expire in Sun City during week ending Oct. 04	Arizona Business Daily	https://pipeline.locallabs.com/stories/555464747	2020-09-23 08:19:03	Arizona Business Daily - Arizona - Professional License Type Expiring in the Coming Week (City - Week) HLE	Metro Business Network
1 registered trainee appraiser license is set to expire in Tucson during week ending Oct. 04	Arizona Business Daily	https://pipeline.locallabs.com/stories/555464730	2020-09-23 07:40:33	Arizona Business Daily - Arizona - Professional License Type Expiring in the Coming Week (City - Week) HLE	Metro Business Network
1 acupuncturist license is set to expire in Casa Grande during week ending Oct. 04	Arizona Business Daily	https://pipeline.locallabs.com/stories/555464804	2020-09-23 09:50:51	Arizona Business Daily - Arizona - Professional License Type Expiring in the Coming Week (City - Week) HLE	Metro Business Network
2 certified general appraiser licenses are set to expire in Cottonwood during week ending Oct. 04	Arizona Business Daily	https://pipeline.locallabs.com/stories/555464795	2020-09-23 09:06:58	Arizona Business Daily - Arizona - Professional License Type Expiring in the Coming Week (City - Week) HLE	Metro Business Network
1 acupuncturist license is set to expire in Litchfield Park during week ending Oct. 04	Arizona Business Daily	https://pipeline.locallabs.com/stories/555464778	2020-09-23 08:13:02	Arizona Business Daily - Arizona - Professional License Type Expiring in the Coming Week (City - Week) HLE	Metro Business Network
2 acupuncturist licenses are set to expire in Prescott during week ending Oct. 04	Arizona Business Daily	https://pipeline.locallabs.com/stories/555464762	2020-09-23 08:07:07	Arizona Business Daily - Arizona - Professional License Type Expiring in the Coming Week (City - Week) HLE	Metro Business Network
2 acupuncturist licenses are set to expire in Surprise during week ending Oct. 04	Arizona Business Daily	https://pipeline.locallabs.com/stories/555464745	2020-09-23 09:11:03	Arizona Business Daily - Arizona - Professional License Type Expiring in the Coming Week (City - Week) HLE	Metro Business Network
1 barber license is set to expire in Yuma during week ending Oct. 04	Arizona Business Daily	https://pipeline.locallabs.com/stories/555464731	2020-09-23 07:39:46	Arizona Business Daily - Arizona - Professional License Type Expiring in the Coming Week (City - Week) HLE	Metro Business Network
1 acupuncturist license is set to expire in Cave Creek during week ending Oct. 04	Arizona Business Daily	https://pipeline.locallabs.com/stories/555464803	2020-09-23 09:34:51	Arizona Business Daily - Arizona - Professional License Type Expiring in the Coming Week (City - Week) HLE	Metro Business Network
1 barber license is set to expire in El Mirage during week ending Oct. 04	Arizona Business Daily	https://pipeline.locallabs.com/stories/555464793	2020-09-23 07:09:46	Arizona Business Daily - Arizona - Professional License Type Expiring in the Coming Week (City - Week) HLE	Metro Business Network
1 certified general appraiser license is set to expire in Litchfield Park during week ending Oct. 04	Arizona Business Daily	https://pipeline.locallabs.com/stories/555464777	2020-09-23 09:00:31	Arizona Business Daily - Arizona - Professional License Type Expiring in the Coming Week (City - Week) HLE	Metro Business Network
1 psychologist license is set to expire in Prescott during week ending Oct. 04	Arizona Business Daily	https://pipeline.locallabs.com/stories/555464761	2020-09-23 07:44:42	Arizona Business Daily - Arizona - Professional License Type Expiring in the Coming Week (City - Week) HLE	Metro Business Network
2 certified general appraiser licenses are set to expire in Surprise during week ending Oct. 04	Arizona Business Daily	https://pipeline.locallabs.com/stories/555464742	2020-09-23 09:53:07	Arizona Business Daily - Arizona - Professional License Type Expiring in the Coming Week (City - Week) HLE	Metro Business Network
1 licensed residential appraiser license is set to expire in Yuma during week ending Oct. 04	Arizona Business Daily	https://pipeline.locallabs.com/stories/555464729	2020-09-23 09:35:42	Arizona Business Daily - Arizona - Professional License Type Expiring in the Coming Week (City - Week) HLE	Metro Business Network
1 barber license is set to expire in Chandler during week ending Oct. 04	Arizona Business Daily	https://pipeline.locallabs.com/stories/555464802	2020-09-23 08:49:01	Arizona Business Daily - Arizona - Professional License Type Expiring in the Coming Week (City - Week) HLE	Metro Business Network
1 acupuncturist license is set to expire in Flagstaff during week ending Oct. 04	Arizona Business Daily	https://pipeline.locallabs.com/stories/555464792	2020-09-23 09:46:26	Arizona Business Daily - Arizona - Professional License Type Expiring in the Coming Week (City - Week) HLE	Metro Business Network
1 acupuncturist license is set to expire in Mesa during week ending Oct. 04	Arizona Business Daily	https://pipeline.locallabs.com/stories/555464776	2020-09-23 09:54:49	Arizona Business Daily - Arizona - Professional License Type Expiring in the Coming Week (City - Week) HLE	Metro Business Network
1 certified residential appraiser license is set to expire in Queen Creek during week ending Oct. 04	Arizona Business Daily	https://pipeline.locallabs.com/stories/555464759	2020-09-23 08:52:02	Arizona Business Daily - Arizona - Professional License Type Expiring in the Coming Week (City - Week) HLE	Metro Business Network
1 certified general appraiser license is set to expire in Tempe during week ending Oct. 04	Arizona Business Daily	https://pipeline.locallabs.com/stories/555464744	2020-09-23 09:26:16	Arizona Business Daily - Arizona - Professional License Type Expiring in the Coming Week (City - Week) HLE	Metro Business Network
1 barber license is set to expire in Gila Bend during week ending Oct. 04	Arizona Business Daily	https://pipeline.locallabs.com/stories/555464818	2020-09-23 07:12:40	Arizona Business Daily - Arizona - Professional License Type Expiring in the Coming Week (City - Week) HLE	Metro Business Network
2 psychologist licenses are set to expire in Flagstaff during week ending Oct. 04	Arizona Business Daily	https://pipeline.locallabs.com/stories/555464791	2020-09-23 07:10:06	Arizona Business Daily - Arizona - Professional License Type Expiring in the Coming Week (City - Week) HLE	Metro Business Network
3 barber licenses are set to expire in Mesa during week ending Oct. 04	Arizona Business Daily	https://pipeline.locallabs.com/stories/555464775	2020-09-23 07:23:25	Arizona Business Daily - Arizona - Professional License Type Expiring in the Coming Week (City - Week) HLE	Metro Business Network
1 barber license is set to expire in Queen Creek during week ending Oct. 04	Arizona Business Daily	https://pipeline.locallabs.com/stories/555464760	2020-09-23 08:33:36	Arizona Business Daily - Arizona - Professional License Type Expiring in the Coming Week (City - Week) HLE	Metro Business Network
1 acupuncturist license is set to expire in Tempe during week ending Oct. 04	Arizona Business Daily	https://pipeline.locallabs.com/stories/555464746	2020-09-23 09:08:05	Arizona Business Daily - Arizona - Professional License Type Expiring in the Coming Week (City - Week) HLE	Metro Business Network
1 occupational therapy assistant license is set to expire in Glendale during week ending Oct. 04	Arizona Business Daily	https://pipeline.locallabs.com/stories/555464817	2020-09-23 09:24:07	Arizona Business Daily - Arizona - Professional License Type Expiring in the Coming Week (City - Week) HLE	Metro Business Network
1 athletic trainer temporary license is set to expire in Apache Junction during week ending Oct. 04	Arizona Business Daily	https://pipeline.locallabs.com/stories/555464727	2020-09-23 08:05:06	Arizona Business Daily - Arizona - Professional License Type Expiring in the Coming Week (City - Week) HLE	Metro Business Network
1 licensed residential appraiser license is set to expire in Cave Creek during week ending Oct. 04	Arizona Business Daily	https://pipeline.locallabs.com/stories/555464801	2020-09-23 09:17:05	Arizona Business Daily - Arizona - Professional License Type Expiring in the Coming Week (City - Week) HLE	Metro Business Network
1 acupuncturist license is set to expire in Gilbert during week ending Oct. 04	Arizona Business Daily	https://pipeline.locallabs.com/stories/555464790	2020-09-23 07:46:45	Arizona Business Daily - Arizona - Professional License Type Expiring in the Coming Week (City - Week) HLE	Metro Business Network
7 psychologist licenses are set to expire in Mesa during week ending Oct. 04	Arizona Business Daily	https://pipeline.locallabs.com/stories/555464774	2020-09-23 08:24:26	Arizona Business Daily - Arizona - Professional License Type Expiring in the Coming Week (City - Week) HLE	Metro Business Network
1 psychologist license is set to expire in Queen Creek during week ending Oct. 04	Arizona Business Daily	https://pipeline.locallabs.com/stories/555464758	2020-09-23 08:12:20	Arizona Business Daily - Arizona - Professional License Type Expiring in the Coming Week (City - Week) HLE	Metro Business Network
1 certified residential appraiser license is set to expire in Tempe during week ending Oct. 04	Arizona Business Daily	https://pipeline.locallabs.com/stories/555464743	2020-09-23 09:37:00	Arizona Business Daily - Arizona - Professional License Type Expiring in the Coming Week (City - Week) HLE	Metro Business Network
1 athletic trainer license is set to expire in Goodyear during week ending Oct. 04	Arizona Business Daily	https://pipeline.locallabs.com/stories/555464816	2020-09-23 09:20:48	Arizona Business Daily - Arizona - Professional License Type Expiring in the Coming Week (City - Week) HLE	Metro Business Network
1 optometrist license is set to expire in Yuma during week ending Oct. 04	Arizona Business Daily	https://pipeline.locallabs.com/stories/555464722	2020-09-23 07:56:29	Arizona Business Daily - Arizona - Professional License Type Expiring in the Coming Week (City - Week) HLE	Metro Business Network
1 acupuncturist license is set to expire in Chandler during week ending Oct. 04	Arizona Business Daily	https://pipeline.locallabs.com/stories/555464800	2020-09-23 09:26:09	Arizona Business Daily - Arizona - Professional License Type Expiring in the Coming Week (City - Week) HLE	Metro Business Network
2 behavior analyst licenses are set to expire in Gilbert during week ending Oct. 04	Arizona Business Daily	https://pipeline.locallabs.com/stories/555464789	2020-09-23 07:31:12	Arizona Business Daily - Arizona - Professional License Type Expiring in the Coming Week (City - Week) HLE	Metro Business Network
1 behavior analyst license is set to expire in Mesa during week ending Oct. 04	Arizona Business Daily	https://pipeline.locallabs.com/stories/555464771	2020-09-23 09:24:16	Arizona Business Daily - Arizona - Professional License Type Expiring in the Coming Week (City - Week) HLE	Metro Business Network
1 acupuncturist license is set to expire in Rio Rico during week ending Oct. 04	Arizona Business Daily	https://pipeline.locallabs.com/stories/555464757	2020-09-23 07:54:53	Arizona Business Daily - Arizona - Professional License Type Expiring in the Coming Week (City - Week) HLE	Metro Business Network
1 licensed residential appraiser license is set to expire in Tempe during week ending Oct. 04	Arizona Business Daily	https://pipeline.locallabs.com/stories/555464741	2020-09-23 08:55:44	Arizona Business Daily - Arizona - Professional License Type Expiring in the Coming Week (City - Week) HLE	Metro Business Network
1 athletic trainer license is set to expire in Peoria during week ending Oct. 04	Arizona Business Daily	https://pipeline.locallabs.com/stories/555464815	2020-09-23 09:25:44	Arizona Business Daily - Arizona - Professional License Type Expiring in the Coming Week (City - Week) HLE	Metro Business Network
1 barber license is set to expire in Tempe during week ending Oct. 04	Arizona Business Daily	https://pipeline.locallabs.com/stories/555464725	2020-09-23 09:06:22	Arizona Business Daily - Arizona - Professional License Type Expiring in the Coming Week (City - Week) HLE	Metro Business Network
2 certified residential appraiser licenses are set to expire in Chandler during week ending Oct. 04	Arizona Business Daily	https://pipeline.locallabs.com/stories/555464799	2020-09-23 08:42:36	Arizona Business Daily - Arizona - Professional License Type Expiring in the Coming Week (City - Week) HLE	Metro Business Network
1 acupuncturist license is set to expire in Flagstaff during week ending Oct. 04	Coconino News	https://pipeline.locallabs.com/stories/555465032	2020-09-23 07:21:27	Coconino News - Arizona - Professional License Type Expiring in the Coming Week (City - Week) HLE	MM - Arizona
2 psychologist licenses are set to expire in Flagstaff during week ending Oct. 04	Coconino News	https://pipeline.locallabs.com/stories/555465031	2020-09-23 07:05:07	Coconino News - Arizona - Professional License Type Expiring in the Coming Week (City - Week) HLE	MM - Arizona
1 certified residential appraiser license is set to expire in Concho during week ending Oct. 04	East Arizona News	https://pipeline.locallabs.com/stories/555465016	2020-09-23 09:37:14	East Arizona News - Arizona - Professional License Type Expiring in the Coming Week (City - Week) HLE	MM - Arizona
1 certified residential appraiser license is set to expire in Lake Havasu City during week ending Oct. 04	Mohave Today	https://pipeline.locallabs.com/stories/555465035	2020-09-23 08:14:46	Mohave Today - Arizona - Professional License Type Expiring in the Coming Week (City - Week) HLE	MM - Arizona
1 acupuncturist license is set to expire in Lake Havasu City during week ending Oct. 04	Mohave Today	https://pipeline.locallabs.com/stories/555465034	2020-09-23 09:46:28	Mohave Today - Arizona - Professional License Type Expiring in the Coming Week (City - Week) HLE	MM - Arizona
2 certified residential appraiser licenses are set to expire in Kingman during week ending Oct. 04	Mohave Today	https://pipeline.locallabs.com/stories/555465033	2020-09-23 07:14:34	Mohave Today - Arizona - Professional License Type Expiring in the Coming Week (City - Week) HLE	MM - Arizona
6 acupuncturist licenses are set to expire in Scottsdale during week ending Oct. 04	NE Valley Times	https://pipeline.locallabs.com/stories/555465041	2020-09-23 07:51:30	NE Valley Times - Arizona - Professional License Type Expiring in the Coming Week (City - Week) HLE	MM - Arizona
1 licensed residential appraiser license is set to expire in Scottsdale during week ending Oct. 04	NE Valley Times	https://pipeline.locallabs.com/stories/555465038	2020-09-23 09:24:19	NE Valley Times - Arizona - Professional License Type Expiring in the Coming Week (City - Week) HLE	MM - Arizona
1 barber license is set to expire in Scottsdale during week ending Oct. 04	NE Valley Times	https://pipeline.locallabs.com/stories/555465039	2020-09-23 07:36:42	NE Valley Times - Arizona - Professional License Type Expiring in the Coming Week (City - Week) HLE	MM - Arizona
2 certified general appraiser licenses are set to expire in Scottsdale during week ending Oct. 04	NE Valley Times	https://pipeline.locallabs.com/stories/555465042	2020-09-23 08:10:05	NE Valley Times - Arizona - Professional License Type Expiring in the Coming Week (City - Week) HLE	MM - Arizona
7 psychologist licenses are set to expire in Scottsdale during week ending Oct. 04	NE Valley Times	https://pipeline.locallabs.com/stories/555465036	2020-09-23 08:37:55	NE Valley Times - Arizona - Professional License Type Expiring in the Coming Week (City - Week) HLE	MM - Arizona
2 certified residential appraiser licenses are set to expire in Scottsdale during week ending Oct. 04	NE Valley Times	https://pipeline.locallabs.com/stories/555465037	2020-09-23 07:29:28	NE Valley Times - Arizona - Professional License Type Expiring in the Coming Week (City - Week) HLE	MM - Arizona
1 athletic trainer license is set to expire in Scottsdale during week ending Oct. 04	NE Valley Times	https://pipeline.locallabs.com/stories/555465040	2020-09-23 09:06:16	NE Valley Times - Arizona - Professional License Type Expiring in the Coming Week (City - Week) HLE	MM - Arizona
1 barber license is set to expire in El Mirage during week ending Oct. 04	NW Valley Times	https://pipeline.locallabs.com/stories/555465030	2020-09-23 07:39:02	NW Valley Times - Arizona - Professional License Type Expiring in the Coming Week (City - Week) HLE	MM - Arizona
1 psychologist license is set to expire in Glendale during week ending Oct. 04	NW Valley Times	https://pipeline.locallabs.com/stories/555465025	2020-09-23 08:07:28	NW Valley Times - Arizona - Professional License Type Expiring in the Coming Week (City - Week) HLE	MM - Arizona
2 certified residential appraiser licenses are set to expire in Glendale during week ending Oct. 04	NW Valley Times	https://pipeline.locallabs.com/stories/555465024	2020-09-23 08:49:52	NW Valley Times - Arizona - Professional License Type Expiring in the Coming Week (City - Week) HLE	MM - Arizona
1 barber license is set to expire in Sun City during week ending Oct. 04	NW Valley Times	https://pipeline.locallabs.com/stories/555465023	2020-09-23 07:31:19	NW Valley Times - Arizona - Professional License Type Expiring in the Coming Week (City - Week) HLE	MM - Arizona
1 certified general appraiser license is set to expire in Sun City during week ending Oct. 04	NW Valley Times	https://pipeline.locallabs.com/stories/555465019	2020-09-23 09:44:38	NW Valley Times - Arizona - Professional License Type Expiring in the Coming Week (City - Week) HLE	MM - Arizona
2 certified general appraiser licenses are set to expire in Surprise during week ending Oct. 04	NW Valley Times	https://pipeline.locallabs.com/stories/555465020	2020-09-23 09:42:38	NW Valley Times - Arizona - Professional License Type Expiring in the Coming Week (City - Week) HLE	MM - Arizona
1 athletic trainer license is set to expire in Glendale during week ending Oct. 04	NW Valley Times	https://pipeline.locallabs.com/stories/555465021	2020-09-23 09:30:06	NW Valley Times - Arizona - Professional License Type Expiring in the Coming Week (City - Week) HLE	MM - Arizona
2 acupuncturist licenses are set to expire in Surprise during week ending Oct. 04	NW Valley Times	https://pipeline.locallabs.com/stories/555465018	2020-09-23 09:50:52	NW Valley Times - Arizona - Professional License Type Expiring in the Coming Week (City - Week) HLE	MM - Arizona
1 certified general appraiser license is set to expire in Peoria during week ending Oct. 04	NW Valley Times	https://pipeline.locallabs.com/stories/555465022	2020-09-23 07:14:44	NW Valley Times - Arizona - Professional License Type Expiring in the Coming Week (City - Week) HLE	MM - Arizona
1 athletic trainer temporary license is set to expire in Glendale during week ending Oct. 04	NW Valley Times	https://pipeline.locallabs.com/stories/555465017	2020-09-23 07:56:29	NW Valley Times - Arizona - Professional License Type Expiring in the Coming Week (City - Week) HLE	MM - Arizona
1 occupational therapist license is set to expire in Sun City West during week ending Oct. 04	NW Valley Times	https://pipeline.locallabs.com/stories/555465029	2020-09-23 07:30:37	NW Valley Times - Arizona - Professional License Type Expiring in the Coming Week (City - Week) HLE	MM - Arizona
3 barber licenses are set to expire in Glendale during week ending Oct. 04	NW Valley Times	https://pipeline.locallabs.com/stories/555465028	2020-09-23 07:29:02	NW Valley Times - Arizona - Professional License Type Expiring in the Coming Week (City - Week) HLE	MM - Arizona
1 occupational therapy assistant license is set to expire in Glendale during week ending Oct. 04	NW Valley Times	https://pipeline.locallabs.com/stories/555465027	2020-09-23 08:15:04	NW Valley Times - Arizona - Professional License Type Expiring in the Coming Week (City - Week) HLE	MM - Arizona
1 athletic trainer license is set to expire in Peoria during week ending Oct. 04	NW Valley Times	https://pipeline.locallabs.com/stories/555465026	2020-09-23 08:14:30	NW Valley Times - Arizona - Professional License Type Expiring in the Coming Week (City - Week) HLE	MM - Arizona
1 barber license is set to expire in Chandler during week ending Oct. 04	PHX Reporter	https://pipeline.locallabs.com/stories/555464862	2020-09-23 07:43:17	PHX Reporter - Arizona - Professional License Type Expiring in the Coming Week (City - Week) HLE	MM - Arizona
8 certified residential appraiser licenses are set to expire in Mesa during week ending Oct. 04	PHX Reporter	https://pipeline.locallabs.com/stories/555464845	2020-09-23 07:04:19	PHX Reporter - Arizona - Professional License Type Expiring in the Coming Week (City - Week) HLE	MM - Arizona
1 certified general appraiser license is set to expire in Sun City during week ending Oct. 04	PHX Reporter	https://pipeline.locallabs.com/stories/555464830	2020-09-23 07:26:55	PHX Reporter - Arizona - Professional License Type Expiring in the Coming Week (City - Week) HLE	MM - Arizona
2 certified residential appraiser licenses are set to expire in Chandler during week ending Oct. 04	PHX Reporter	https://pipeline.locallabs.com/stories/555464861	2020-09-23 09:08:51	PHX Reporter - Arizona - Professional License Type Expiring in the Coming Week (City - Week) HLE	MM - Arizona
7 psychologist licenses are set to expire in Mesa during week ending Oct. 04	PHX Reporter	https://pipeline.locallabs.com/stories/555464846	2020-09-23 09:47:25	PHX Reporter - Arizona - Professional License Type Expiring in the Coming Week (City - Week) HLE	MM - Arizona
2 acupuncturist licenses are set to expire in Surprise during week ending Oct. 04	PHX Reporter	https://pipeline.locallabs.com/stories/555464829	2020-09-23 09:29:57	PHX Reporter - Arizona - Professional License Type Expiring in the Coming Week (City - Week) HLE	MM - Arizona
1 certified general appraiser license is set to expire in Peoria during week ending Oct. 04	PHX Reporter	https://pipeline.locallabs.com/stories/555464844	2020-09-23 09:58:52	PHX Reporter - Arizona - Professional License Type Expiring in the Coming Week (City - Week) HLE	MM - Arizona
2 certified general appraiser licenses are set to expire in Surprise during week ending Oct. 04	PHX Reporter	https://pipeline.locallabs.com/stories/555464828	2020-09-23 08:39:58	PHX Reporter - Arizona - Professional License Type Expiring in the Coming Week (City - Week) HLE	MM - Arizona
1 barber license is set to expire in El Mirage during week ending Oct. 04	PHX Reporter	https://pipeline.locallabs.com/stories/555464860	2020-09-23 08:14:24	PHX Reporter - Arizona - Professional License Type Expiring in the Coming Week (City - Week) HLE	MM - Arizona
6 acupuncturist licenses are set to expire in Phoenix during week ending Oct. 04	PHX Reporter	https://pipeline.locallabs.com/stories/555464842	2020-09-23 08:58:25	PHX Reporter - Arizona - Professional License Type Expiring in the Coming Week (City - Week) HLE	MM - Arizona
1 acupuncturist license is set to expire in Tempe during week ending Oct. 04	PHX Reporter	https://pipeline.locallabs.com/stories/555464827	2020-09-23 07:31:05	PHX Reporter - Arizona - Professional License Type Expiring in the Coming Week (City - Week) HLE	MM - Arizona
1 occupational therapy assistant license is set to expire in Glendale during week ending Oct. 04	PHX Reporter	https://pipeline.locallabs.com/stories/555464875	2020-09-23 07:26:11	PHX Reporter - Arizona - Professional License Type Expiring in the Coming Week (City - Week) HLE	MM - Arizona
1 acupuncturist license is set to expire in Gilbert during week ending Oct. 04	PHX Reporter	https://pipeline.locallabs.com/stories/555464858	2020-09-23 08:48:52	PHX Reporter - Arizona - Professional License Type Expiring in the Coming Week (City - Week) HLE	MM - Arizona
8 barber licenses are set to expire in Phoenix during week ending Oct. 04	PHX Reporter	https://pipeline.locallabs.com/stories/555464843	2020-09-23 08:11:28	PHX Reporter - Arizona - Professional License Type Expiring in the Coming Week (City - Week) HLE	MM - Arizona
1 certified general appraiser license is set to expire in Tempe during week ending Oct. 04	PHX Reporter	https://pipeline.locallabs.com/stories/555464826	2020-09-23 08:33:07	PHX Reporter - Arizona - Professional License Type Expiring in the Coming Week (City - Week) HLE	MM - Arizona
1 athletic trainer license is set to expire in Goodyear during week ending Oct. 04	PHX Reporter	https://pipeline.locallabs.com/stories/555464874	2020-09-23 08:11:01	PHX Reporter - Arizona - Professional License Type Expiring in the Coming Week (City - Week) HLE	MM - Arizona
2 behavior analyst licenses are set to expire in Gilbert during week ending Oct. 04	PHX Reporter	https://pipeline.locallabs.com/stories/555464859	2020-09-23 08:48:05	PHX Reporter - Arizona - Professional License Type Expiring in the Coming Week (City - Week) HLE	MM - Arizona
4 behavior analyst licenses are set to expire in Phoenix during week ending Oct. 04	PHX Reporter	https://pipeline.locallabs.com/stories/555464841	2020-09-23 08:36:29	PHX Reporter - Arizona - Professional License Type Expiring in the Coming Week (City - Week) HLE	MM - Arizona
1 licensed residential appraiser license is set to expire in Tempe during week ending Oct. 04	PHX Reporter	https://pipeline.locallabs.com/stories/555464824	2020-09-23 09:37:55	PHX Reporter - Arizona - Professional License Type Expiring in the Coming Week (City - Week) HLE	MM - Arizona
1 athletic trainer license is set to expire in Peoria during week ending Oct. 04	PHX Reporter	https://pipeline.locallabs.com/stories/555464873	2020-09-23 08:37:43	PHX Reporter - Arizona - Professional License Type Expiring in the Coming Week (City - Week) HLE	MM - Arizona
1 certified residential appraiser license is set to expire in Gilbert during week ending Oct. 04	PHX Reporter	https://pipeline.locallabs.com/stories/555464857	2020-09-23 09:46:30	PHX Reporter - Arizona - Professional License Type Expiring in the Coming Week (City - Week) HLE	MM - Arizona
4 psychologist licenses are set to expire in Tempe during week ending Oct. 04	PHX Reporter	https://pipeline.locallabs.com/stories/555464822	2020-09-23 09:03:53	PHX Reporter - Arizona - Professional License Type Expiring in the Coming Week (City - Week) HLE	MM - Arizona
6 athletic trainer licenses are set to expire in Phoenix during week ending Oct. 04	PHX Reporter	https://pipeline.locallabs.com/stories/555464871	2020-09-23 07:00:24	PHX Reporter - Arizona - Professional License Type Expiring in the Coming Week (City - Week) HLE	MM - Arizona
1 occupational therapist limited license is set to expire in Gilbert during week ending Oct. 04	PHX Reporter	https://pipeline.locallabs.com/stories/555464856	2020-09-23 09:37:49	PHX Reporter - Arizona - Professional License Type Expiring in the Coming Week (City - Week) HLE	MM - Arizona
4 certified general appraiser licenses are set to expire in Phoenix during week ending Oct. 04	PHX Reporter	https://pipeline.locallabs.com/stories/555464840	2020-09-23 07:23:58	PHX Reporter - Arizona - Professional License Type Expiring in the Coming Week (City - Week) HLE	MM - Arizona
1 athletic trainer license is set to expire in Glendale during week ending Oct. 04	PHX Reporter	https://pipeline.locallabs.com/stories/555464823	2020-09-23 07:20:26	PHX Reporter - Arizona - Professional License Type Expiring in the Coming Week (City - Week) HLE	MM - Arizona
2 occupational therapist licenses are set to expire in Phoenix during week ending Oct. 04	PHX Reporter	https://pipeline.locallabs.com/stories/555464872	2020-09-23 07:42:34	PHX Reporter - Arizona - Professional License Type Expiring in the Coming Week (City - Week) HLE	MM - Arizona
3 barber licenses are set to expire in Glendale during week ending Oct. 04	PHX Reporter	https://pipeline.locallabs.com/stories/555464854	2020-09-23 09:09:54	PHX Reporter - Arizona - Professional License Type Expiring in the Coming Week (City - Week) HLE	MM - Arizona
7 certified residential appraiser licenses are set to expire in Phoenix during week ending Oct. 04	PHX Reporter	https://pipeline.locallabs.com/stories/555464839	2020-09-23 07:53:04	PHX Reporter - Arizona - Professional License Type Expiring in the Coming Week (City - Week) HLE	MM - Arizona
1 athletic trainer temporary license is set to expire in Glendale during week ending Oct. 04	PHX Reporter	https://pipeline.locallabs.com/stories/555464821	2020-09-23 09:15:47	PHX Reporter - Arizona - Professional License Type Expiring in the Coming Week (City - Week) HLE	MM - Arizona
2 optometrist licenses are set to expire in Phoenix during week ending Oct. 04	PHX Reporter	https://pipeline.locallabs.com/stories/555464870	2020-09-23 07:12:55	PHX Reporter - Arizona - Professional License Type Expiring in the Coming Week (City - Week) HLE	MM - Arizona
2 certified residential appraiser licenses are set to expire in Glendale during week ending Oct. 04	PHX Reporter	https://pipeline.locallabs.com/stories/555464855	2020-09-23 09:19:57	PHX Reporter - Arizona - Professional License Type Expiring in the Coming Week (City - Week) HLE	MM - Arizona
22 psychologist licenses are set to expire in Phoenix during week ending Oct. 04	PHX Reporter	https://pipeline.locallabs.com/stories/555464838	2020-09-23 07:42:30	PHX Reporter - Arizona - Professional License Type Expiring in the Coming Week (City - Week) HLE	MM - Arizona
1 certified residential appraiser license is set to expire in Tempe during week ending Oct. 04	PHX Reporter	https://pipeline.locallabs.com/stories/555464825	2020-09-23 09:26:33	PHX Reporter - Arizona - Professional License Type Expiring in the Coming Week (City - Week) HLE	MM - Arizona
1 occupational therapist license is set to expire in Sun City West during week ending Oct. 04	PHX Reporter	https://pipeline.locallabs.com/stories/555464868	2020-09-23 09:40:55	PHX Reporter - Arizona - Professional License Type Expiring in the Coming Week (City - Week) HLE	MM - Arizona
1 psychologist license is set to expire in Glendale during week ending Oct. 04	PHX Reporter	https://pipeline.locallabs.com/stories/555464853	2020-09-23 09:16:13	PHX Reporter - Arizona - Professional License Type Expiring in the Coming Week (City - Week) HLE	MM - Arizona
6 acupuncturist licenses are set to expire in Scottsdale during week ending Oct. 04	PHX Reporter	https://pipeline.locallabs.com/stories/555464835	2020-09-23 07:31:09	PHX Reporter - Arizona - Professional License Type Expiring in the Coming Week (City - Week) HLE	MM - Arizona
1 athletic trainer license is set to expire in Tempe during week ending Oct. 04	PHX Reporter	https://pipeline.locallabs.com/stories/555464869	2020-09-23 08:38:30	PHX Reporter - Arizona - Professional License Type Expiring in the Coming Week (City - Week) HLE	MM - Arizona
1 behavior analyst license is set to expire in Goodyear during week ending Oct. 04	PHX Reporter	https://pipeline.locallabs.com/stories/555464852	2020-09-23 08:10:56	PHX Reporter - Arizona - Professional License Type Expiring in the Coming Week (City - Week) HLE	MM - Arizona
1 barber license is set to expire in Scottsdale during week ending Oct. 04	PHX Reporter	https://pipeline.locallabs.com/stories/555464834	2020-09-23 09:17:36	PHX Reporter - Arizona - Professional License Type Expiring in the Coming Week (City - Week) HLE	MM - Arizona
1 barber license is set to expire in Tempe during week ending Oct. 04	PHX Reporter	https://pipeline.locallabs.com/stories/555464819	2020-09-23 07:31:46	PHX Reporter - Arizona - Professional License Type Expiring in the Coming Week (City - Week) HLE	MM - Arizona
1 acupuncturist license is set to expire in Anthem during week ending Oct. 04	PHX Reporter	https://pipeline.locallabs.com/stories/555464867	2020-09-23 09:02:12	PHX Reporter - Arizona - Professional License Type Expiring in the Coming Week (City - Week) HLE	MM - Arizona
1 acupuncturist license is set to expire in Litchfield Park during week ending Oct. 04	PHX Reporter	https://pipeline.locallabs.com/stories/555464851	2020-09-23 08:57:11	PHX Reporter - Arizona - Professional License Type Expiring in the Coming Week (City - Week) HLE	MM - Arizona
2 certified general appraiser licenses are set to expire in Scottsdale during week ending Oct. 04	PHX Reporter	https://pipeline.locallabs.com/stories/555464836	2020-09-23 07:39:06	PHX Reporter - Arizona - Professional License Type Expiring in the Coming Week (City - Week) HLE	MM - Arizona
1 athletic trainer license is set to expire in Scottsdale during week ending Oct. 04	PHX Reporter	https://pipeline.locallabs.com/stories/555464820	2020-09-23 08:02:52	PHX Reporter - Arizona - Professional License Type Expiring in the Coming Week (City - Week) HLE	MM - Arizona
1 licensed residential appraiser license is set to expire in Cave Creek during week ending Oct. 04	PHX Reporter	https://pipeline.locallabs.com/stories/555464865	2020-09-23 08:44:54	PHX Reporter - Arizona - Professional License Type Expiring in the Coming Week (City - Week) HLE	MM - Arizona
1 certified general appraiser license is set to expire in Litchfield Park during week ending Oct. 04	PHX Reporter	https://pipeline.locallabs.com/stories/555464850	2020-09-23 09:07:45	PHX Reporter - Arizona - Professional License Type Expiring in the Coming Week (City - Week) HLE	MM - Arizona
2 certified residential appraiser licenses are set to expire in Scottsdale during week ending Oct. 04	PHX Reporter	https://pipeline.locallabs.com/stories/555464837	2020-09-23 07:29:46	PHX Reporter - Arizona - Professional License Type Expiring in the Coming Week (City - Week) HLE	MM - Arizona
1 psychologist license is set to expire in Avondale during week ending Oct. 04	PHX Reporter	https://pipeline.locallabs.com/stories/555464864	2020-09-23 09:21:40	PHX Reporter - Arizona - Professional License Type Expiring in the Coming Week (City - Week) HLE	MM - Arizona
1 acupuncturist license is set to expire in Mesa during week ending Oct. 04	PHX Reporter	https://pipeline.locallabs.com/stories/555464849	2020-09-23 08:15:19	PHX Reporter - Arizona - Professional License Type Expiring in the Coming Week (City - Week) HLE	MM - Arizona
1 licensed residential appraiser license is set to expire in Scottsdale during week ending Oct. 04	PHX Reporter	https://pipeline.locallabs.com/stories/555464833	2020-09-23 08:04:43	PHX Reporter - Arizona - Professional License Type Expiring in the Coming Week (City - Week) HLE	MM - Arizona
1 acupuncturist license is set to expire in Cave Creek during week ending Oct. 04	PHX Reporter	https://pipeline.locallabs.com/stories/555464866	2020-09-23 07:25:38	PHX Reporter - Arizona - Professional License Type Expiring in the Coming Week (City - Week) HLE	MM - Arizona
1 behavior analyst license is set to expire in Mesa during week ending Oct. 04	PHX Reporter	https://pipeline.locallabs.com/stories/555464847	2020-09-23 07:01:06	PHX Reporter - Arizona - Professional License Type Expiring in the Coming Week (City - Week) HLE	MM - Arizona
1 barber license is set to expire in Sun City during week ending Oct. 04	PHX Reporter	https://pipeline.locallabs.com/stories/555464832	2020-09-23 09:30:43	PHX Reporter - Arizona - Professional License Type Expiring in the Coming Week (City - Week) HLE	MM - Arizona
1 acupuncturist license is set to expire in Chandler during week ending Oct. 04	PHX Reporter	https://pipeline.locallabs.com/stories/555464863	2020-09-23 07:23:55	PHX Reporter - Arizona - Professional License Type Expiring in the Coming Week (City - Week) HLE	MM - Arizona
3 barber licenses are set to expire in Mesa during week ending Oct. 04	PHX Reporter	https://pipeline.locallabs.com/stories/555464848	2020-09-23 09:28:19	PHX Reporter - Arizona - Professional License Type Expiring in the Coming Week (City - Week) HLE	MM - Arizona
7 psychologist licenses are set to expire in Scottsdale during week ending Oct. 04	PHX Reporter	https://pipeline.locallabs.com/stories/555464831	2020-09-23 09:58:24	PHX Reporter - Arizona - Professional License Type Expiring in the Coming Week (City - Week) HLE	MM - Arizona
1 athletic trainer temporary license is set to expire in Glendale during week ending Oct. 04	Pinal Today	https://pipeline.locallabs.com/stories/555464882	2020-09-23 08:26:01	Pinal Today - Arizona - Professional License Type Expiring in the Coming Week (City - Week) HLE	MM - Arizona
1 acupuncturist license is set to expire in Gilbert during week ending Oct. 04	Pinal Today	https://pipeline.locallabs.com/stories/555464913	2020-09-23 09:30:12	Pinal Today - Arizona - Professional License Type Expiring in the Coming Week (City - Week) HLE	MM - Arizona
1 certified general appraiser license is set to expire in Peoria during week ending Oct. 04	Pinal Today	https://pipeline.locallabs.com/stories/555464895	2020-09-23 09:43:41	Pinal Today - Arizona - Professional License Type Expiring in the Coming Week (City - Week) HLE	MM - Arizona
1 athletic trainer license is set to expire in Scottsdale during week ending Oct. 04	Pinal Today	https://pipeline.locallabs.com/stories/555464877	2020-09-23 09:21:44	Pinal Today - Arizona - Professional License Type Expiring in the Coming Week (City - Week) HLE	MM - Arizona
2 behavior analyst licenses are set to expire in Gilbert during week ending Oct. 04	Pinal Today	https://pipeline.locallabs.com/stories/555464911	2020-09-23 07:13:07	Pinal Today - Arizona - Professional License Type Expiring in the Coming Week (City - Week) HLE	MM - Arizona
6 acupuncturist licenses are set to expire in Scottsdale during week ending Oct. 04	Pinal Today	https://pipeline.locallabs.com/stories/555464894	2020-09-23 09:38:40	Pinal Today - Arizona - Professional License Type Expiring in the Coming Week (City - Week) HLE	MM - Arizona
1 licensed residential appraiser license is set to expire in Tempe during week ending Oct. 04	Pinal Today	https://pipeline.locallabs.com/stories/555464881	2020-09-23 08:52:38	Pinal Today - Arizona - Professional License Type Expiring in the Coming Week (City - Week) HLE	MM - Arizona
1 occupational therapy assistant license is set to expire in Glendale during week ending Oct. 04	Pinal Today	https://pipeline.locallabs.com/stories/555464926	2020-09-23 07:53:57	Pinal Today - Arizona - Professional License Type Expiring in the Coming Week (City - Week) HLE	MM - Arizona
1 certified residential appraiser license is set to expire in Gilbert during week ending Oct. 04	Pinal Today	https://pipeline.locallabs.com/stories/555464910	2020-09-23 07:44:51	Pinal Today - Arizona - Professional License Type Expiring in the Coming Week (City - Week) HLE	MM - Arizona
1 barber license is set to expire in Scottsdale during week ending Oct. 04	Pinal Today	https://pipeline.locallabs.com/stories/555464896	2020-09-23 07:29:57	Pinal Today - Arizona - Professional License Type Expiring in the Coming Week (City - Week) HLE	MM - Arizona
1 athletic trainer license is set to expire in Goodyear during week ending Oct. 04	Pinal Today	https://pipeline.locallabs.com/stories/555464925	2020-09-23 09:36:43	Pinal Today - Arizona - Professional License Type Expiring in the Coming Week (City - Week) HLE	MM - Arizona
1 occupational therapist limited license is set to expire in Gilbert during week ending Oct. 04	Pinal Today	https://pipeline.locallabs.com/stories/555464908	2020-09-23 09:58:51	Pinal Today - Arizona - Professional License Type Expiring in the Coming Week (City - Week) HLE	MM - Arizona
2 certified general appraiser licenses are set to expire in Scottsdale during week ending Oct. 04	Pinal Today	https://pipeline.locallabs.com/stories/555464892	2020-09-23 08:56:17	Pinal Today - Arizona - Professional License Type Expiring in the Coming Week (City - Week) HLE	MM - Arizona
1 athletic trainer license is set to expire in Glendale during week ending Oct. 04	Pinal Today	https://pipeline.locallabs.com/stories/555464880	2020-09-23 09:02:05	Pinal Today - Arizona - Professional License Type Expiring in the Coming Week (City - Week) HLE	MM - Arizona
1 athletic trainer license is set to expire in Peoria during week ending Oct. 04	Pinal Today	https://pipeline.locallabs.com/stories/555464924	2020-09-23 09:44:28	Pinal Today - Arizona - Professional License Type Expiring in the Coming Week (City - Week) HLE	MM - Arizona
3 barber licenses are set to expire in Glendale during week ending Oct. 04	Pinal Today	https://pipeline.locallabs.com/stories/555464909	2020-09-23 08:21:46	Pinal Today - Arizona - Professional License Type Expiring in the Coming Week (City - Week) HLE	MM - Arizona
2 certified residential appraiser licenses are set to expire in Scottsdale during week ending Oct. 04	Pinal Today	https://pipeline.locallabs.com/stories/555464891	2020-09-23 09:08:17	Pinal Today - Arizona - Professional License Type Expiring in the Coming Week (City - Week) HLE	MM - Arizona
4 psychologist licenses are set to expire in Tempe during week ending Oct. 04	Pinal Today	https://pipeline.locallabs.com/stories/555464878	2020-09-23 08:09:40	Pinal Today - Arizona - Professional License Type Expiring in the Coming Week (City - Week) HLE	MM - Arizona
1 occupational therapist license is set to expire in Sun City West during week ending Oct. 04	Pinal Today	https://pipeline.locallabs.com/stories/555464922	2020-09-23 08:20:20	Pinal Today - Arizona - Professional License Type Expiring in the Coming Week (City - Week) HLE	MM - Arizona
1 psychologist license is set to expire in Glendale during week ending Oct. 04	Pinal Today	https://pipeline.locallabs.com/stories/555464907	2020-09-23 07:53:09	Pinal Today - Arizona - Professional License Type Expiring in the Coming Week (City - Week) HLE	MM - Arizona
1 licensed residential appraiser license is set to expire in Scottsdale during week ending Oct. 04	Pinal Today	https://pipeline.locallabs.com/stories/555464893	2020-09-23 08:02:15	Pinal Today - Arizona - Professional License Type Expiring in the Coming Week (City - Week) HLE	MM - Arizona
1 athletic trainer license is set to expire in Tempe during week ending Oct. 04	Pinal Today	https://pipeline.locallabs.com/stories/555464923	2020-09-23 07:52:46	Pinal Today - Arizona - Professional License Type Expiring in the Coming Week (City - Week) HLE	MM - Arizona
2 certified residential appraiser licenses are set to expire in Glendale during week ending Oct. 04	Pinal Today	https://pipeline.locallabs.com/stories/555464906	2020-09-23 09:49:14	Pinal Today - Arizona - Professional License Type Expiring in the Coming Week (City - Week) HLE	MM - Arizona
7 psychologist licenses are set to expire in Scottsdale during week ending Oct. 04	Pinal Today	https://pipeline.locallabs.com/stories/555464890	2020-09-23 07:07:01	Pinal Today - Arizona - Professional License Type Expiring in the Coming Week (City - Week) HLE	MM - Arizona
1 acupuncturist license is set to expire in Anthem during week ending Oct. 04	Pinal Today	https://pipeline.locallabs.com/stories/555464921	2020-09-23 08:16:22	Pinal Today - Arizona - Professional License Type Expiring in the Coming Week (City - Week) HLE	MM - Arizona
1 behavior analyst license is set to expire in Goodyear during week ending Oct. 04	Pinal Today	https://pipeline.locallabs.com/stories/555464905	2020-09-23 08:36:58	Pinal Today - Arizona - Professional License Type Expiring in the Coming Week (City - Week) HLE	MM - Arizona
1 barber license is set to expire in Sun City during week ending Oct. 04	Pinal Today	https://pipeline.locallabs.com/stories/555464889	2020-09-23 07:02:59	Pinal Today - Arizona - Professional License Type Expiring in the Coming Week (City - Week) HLE	MM - Arizona
1 acupuncturist license is set to expire in Casa Grande during week ending Oct. 04	Pinal Today	https://pipeline.locallabs.com/stories/555464919	2020-09-23 09:51:37	Pinal Today - Arizona - Professional License Type Expiring in the Coming Week (City - Week) HLE	MM - Arizona
1 occupational therapist license is set to expire in Gold Canyon during week ending Oct. 04	Pinal Today	https://pipeline.locallabs.com/stories/555464904	2020-09-23 07:31:12	Pinal Today - Arizona - Professional License Type Expiring in the Coming Week (City - Week) HLE	MM - Arizona
1 certified general appraiser license is set to expire in Sun City during week ending Oct. 04	Pinal Today	https://pipeline.locallabs.com/stories/555464887	2020-09-23 08:21:10	Pinal Today - Arizona - Professional License Type Expiring in the Coming Week (City - Week) HLE	MM - Arizona
1 psychologist license is set to expire in Avondale during week ending Oct. 04	Pinal Today	https://pipeline.locallabs.com/stories/555464920	2020-09-23 07:29:46	Pinal Today - Arizona - Professional License Type Expiring in the Coming Week (City - Week) HLE	MM - Arizona
1 acupuncturist license is set to expire in Litchfield Park during week ending Oct. 04	Pinal Today	https://pipeline.locallabs.com/stories/555464903	2020-09-23 07:32:01	Pinal Today - Arizona - Professional License Type Expiring in the Coming Week (City - Week) HLE	MM - Arizona
2 acupuncturist licenses are set to expire in Surprise during week ending Oct. 04	Pinal Today	https://pipeline.locallabs.com/stories/555464888	2020-09-23 08:51:43	Pinal Today - Arizona - Professional License Type Expiring in the Coming Week (City - Week) HLE	MM - Arizona
1 acupuncturist license is set to expire in Cave Creek during week ending Oct. 04	Pinal Today	https://pipeline.locallabs.com/stories/555464918	2020-09-23 08:50:04	Pinal Today - Arizona - Professional License Type Expiring in the Coming Week (City - Week) HLE	MM - Arizona
1 certified general appraiser license is set to expire in Litchfield Park during week ending Oct. 04	Pinal Today	https://pipeline.locallabs.com/stories/555464902	2020-09-23 07:28:20	Pinal Today - Arizona - Professional License Type Expiring in the Coming Week (City - Week) HLE	MM - Arizona
1 acupuncturist license is set to expire in Tempe during week ending Oct. 04	Pinal Today	https://pipeline.locallabs.com/stories/555464886	2020-09-23 09:32:51	Pinal Today - Arizona - Professional License Type Expiring in the Coming Week (City - Week) HLE	MM - Arizona
1 acupuncturist license is set to expire in Mesa during week ending Oct. 04	Pinal Today	https://pipeline.locallabs.com/stories/555464901	2020-09-23 09:26:56	Pinal Today - Arizona - Professional License Type Expiring in the Coming Week (City - Week) HLE	MM - Arizona
2 certified general appraiser licenses are set to expire in Surprise during week ending Oct. 04	Pinal Today	https://pipeline.locallabs.com/stories/555464885	2020-09-23 09:43:01	Pinal Today - Arizona - Professional License Type Expiring in the Coming Week (City - Week) HLE	MM - Arizona
1 licensed residential appraiser license is set to expire in Cave Creek during week ending Oct. 04	Pinal Today	https://pipeline.locallabs.com/stories/555464917	2020-09-23 08:05:10	Pinal Today - Arizona - Professional License Type Expiring in the Coming Week (City - Week) HLE	MM - Arizona
3 barber licenses are set to expire in Mesa during week ending Oct. 04	Pinal Today	https://pipeline.locallabs.com/stories/555464900	2020-09-23 07:40:06	Pinal Today - Arizona - Professional License Type Expiring in the Coming Week (City - Week) HLE	MM - Arizona
1 certified general appraiser license is set to expire in Tempe during week ending Oct. 04	Pinal Today	https://pipeline.locallabs.com/stories/555464884	2020-09-23 08:27:12	Pinal Today - Arizona - Professional License Type Expiring in the Coming Week (City - Week) HLE	MM - Arizona
1 acupuncturist license is set to expire in Chandler during week ending Oct. 04	Pinal Today	https://pipeline.locallabs.com/stories/555464916	2020-09-23 08:23:30	Pinal Today - Arizona - Professional License Type Expiring in the Coming Week (City - Week) HLE	MM - Arizona
1 behavior analyst license is set to expire in Mesa during week ending Oct. 04	Pinal Today	https://pipeline.locallabs.com/stories/555464899	2020-09-23 07:21:28	Pinal Today - Arizona - Professional License Type Expiring in the Coming Week (City - Week) HLE	MM - Arizona
1 certified residential appraiser license is set to expire in Tempe during week ending Oct. 04	Pinal Today	https://pipeline.locallabs.com/stories/555464883	2020-09-23 09:45:11	Pinal Today - Arizona - Professional License Type Expiring in the Coming Week (City - Week) HLE	MM - Arizona
1 barber license is set to expire in Chandler during week ending Oct. 04	Pinal Today	https://pipeline.locallabs.com/stories/555464915	2020-09-23 09:28:17	Pinal Today - Arizona - Professional License Type Expiring in the Coming Week (City - Week) HLE	MM - Arizona
8 certified residential appraiser licenses are set to expire in Mesa during week ending Oct. 04	Pinal Today	https://pipeline.locallabs.com/stories/555464898	2020-09-23 07:16:57	Pinal Today - Arizona - Professional License Type Expiring in the Coming Week (City - Week) HLE	MM - Arizona
1 athletic trainer temporary license is set to expire in Apache Junction during week ending Oct. 04	Pinal Today	https://pipeline.locallabs.com/stories/555464876	2020-09-23 09:12:08	Pinal Today - Arizona - Professional License Type Expiring in the Coming Week (City - Week) HLE	MM - Arizona
2 certified residential appraiser licenses are set to expire in Chandler during week ending Oct. 04	Pinal Today	https://pipeline.locallabs.com/stories/555464914	2020-09-23 07:17:33	Pinal Today - Arizona - Professional License Type Expiring in the Coming Week (City - Week) HLE	MM - Arizona
1 barber license is set to expire in Tempe during week ending Oct. 04	Pinal Today	https://pipeline.locallabs.com/stories/555464879	2020-09-23 07:23:15	Pinal Today - Arizona - Professional License Type Expiring in the Coming Week (City - Week) HLE	MM - Arizona
1 barber license is set to expire in El Mirage during week ending Oct. 04	Pinal Today	https://pipeline.locallabs.com/stories/555464912	2020-09-23 08:09:36	Pinal Today - Arizona - Professional License Type Expiring in the Coming Week (City - Week) HLE	MM - Arizona
7 psychologist licenses are set to expire in Mesa during week ending Oct. 04	Pinal Today	https://pipeline.locallabs.com/stories/555464897	2020-09-23 07:39:14	Pinal Today - Arizona - Professional License Type Expiring in the Coming Week (City - Week) HLE	MM - Arizona
2 certified residential appraiser licenses are set to expire in Payson during week ending Oct. 04	SE Arizona News	https://pipeline.locallabs.com/stories/555464993	2020-09-23 08:55:34	SE Arizona News - Arizona - Professional License Type Expiring in the Coming Week (City - Week) HLE	MM - Arizona
1 acupuncturist license is set to expire in Bisbee during week ending Oct. 04	SE Arizona News	https://pipeline.locallabs.com/stories/555464991	2020-09-23 07:02:06	SE Arizona News - Arizona - Professional License Type Expiring in the Coming Week (City - Week) HLE	MM - Arizona
1 barber license is set to expire in Rio Rico during week ending Oct. 04	SE Arizona News	https://pipeline.locallabs.com/stories/555464988	2020-09-23 09:14:48	SE Arizona News - Arizona - Professional License Type Expiring in the Coming Week (City - Week) HLE	MM - Arizona
1 psychologist license is set to expire in Sierra Vista during week ending Oct. 04	SE Arizona News	https://pipeline.locallabs.com/stories/555464992	2020-09-23 09:13:13	SE Arizona News - Arizona - Professional License Type Expiring in the Coming Week (City - Week) HLE	MM - Arizona
1 acupuncturist license is set to expire in Rio Rico during week ending Oct. 04	SE Arizona News	https://pipeline.locallabs.com/stories/555464989	2020-09-23 09:50:30	SE Arizona News - Arizona - Professional License Type Expiring in the Coming Week (City - Week) HLE	MM - Arizona
1 acupuncturist license is set to expire in Tombstone during week ending Oct. 04	SE Arizona News	https://pipeline.locallabs.com/stories/555464990	2020-09-23 07:00:02	SE Arizona News - Arizona - Professional License Type Expiring in the Coming Week (City - Week) HLE	MM - Arizona
2 behavior analyst licenses are set to expire in Gilbert during week ending Oct. 04	SE Valley Times	https://pipeline.locallabs.com/stories/555465010	2020-09-23 08:31:47	SE Valley Times - Arizona - Professional License Type Expiring in the Coming Week (City - Week) HLE	MM - Arizona
1 licensed residential appraiser license is set to expire in Tempe during week ending Oct. 04	SE Valley Times	https://pipeline.locallabs.com/stories/555464994	2020-09-23 07:39:11	SE Valley Times - Arizona - Professional License Type Expiring in the Coming Week (City - Week) HLE	MM - Arizona
1 certified residential appraiser license is set to expire in Gilbert during week ending Oct. 04	SE Valley Times	https://pipeline.locallabs.com/stories/555465009	2020-09-23 09:34:53	SE Valley Times - Arizona - Professional License Type Expiring in the Coming Week (City - Week) HLE	MM - Arizona
1 occupational therapist limited license is set to expire in Gilbert during week ending Oct. 04	SE Valley Times	https://pipeline.locallabs.com/stories/555465008	2020-09-23 08:08:47	SE Valley Times - Arizona - Professional License Type Expiring in the Coming Week (City - Week) HLE	MM - Arizona
1 acupuncturist license is set to expire in Mesa during week ending Oct. 04	SE Valley Times	https://pipeline.locallabs.com/stories/555465007	2020-09-23 08:44:55	SE Valley Times - Arizona - Professional License Type Expiring in the Coming Week (City - Week) HLE	MM - Arizona
3 barber licenses are set to expire in Mesa during week ending Oct. 04	SE Valley Times	https://pipeline.locallabs.com/stories/555465004	2020-09-23 09:48:14	SE Valley Times - Arizona - Professional License Type Expiring in the Coming Week (City - Week) HLE	MM - Arizona
1 behavior analyst license is set to expire in Mesa during week ending Oct. 04	SE Valley Times	https://pipeline.locallabs.com/stories/555465005	2020-09-23 07:38:52	SE Valley Times - Arizona - Professional License Type Expiring in the Coming Week (City - Week) HLE	MM - Arizona
8 certified residential appraiser licenses are set to expire in Mesa during week ending Oct. 04	SE Valley Times	https://pipeline.locallabs.com/stories/555465006	2020-09-23 09:49:00	SE Valley Times - Arizona - Professional License Type Expiring in the Coming Week (City - Week) HLE	MM - Arizona
7 psychologist licenses are set to expire in Mesa during week ending Oct. 04	SE Valley Times	https://pipeline.locallabs.com/stories/555465003	2020-09-23 07:57:04	SE Valley Times - Arizona - Professional License Type Expiring in the Coming Week (City - Week) HLE	MM - Arizona
1 barber license is set to expire in Queen Creek during week ending Oct. 04	SE Valley Times	https://pipeline.locallabs.com/stories/555465002	2020-09-23 07:34:15	SE Valley Times - Arizona - Professional License Type Expiring in the Coming Week (City - Week) HLE	MM - Arizona
1 certified residential appraiser license is set to expire in Queen Creek during week ending Oct. 04	SE Valley Times	https://pipeline.locallabs.com/stories/555465001	2020-09-23 09:09:15	SE Valley Times - Arizona - Professional License Type Expiring in the Coming Week (City - Week) HLE	MM - Arizona
1 certified residential appraiser license is set to expire in Tempe during week ending Oct. 04	SE Valley Times	https://pipeline.locallabs.com/stories/555464995	2020-09-23 08:28:48	SE Valley Times - Arizona - Professional License Type Expiring in the Coming Week (City - Week) HLE	MM - Arizona
1 certified general appraiser license is set to expire in Tempe during week ending Oct. 04	SE Valley Times	https://pipeline.locallabs.com/stories/555464998	2020-09-23 07:13:07	SE Valley Times - Arizona - Professional License Type Expiring in the Coming Week (City - Week) HLE	MM - Arizona
1 athletic trainer license is set to expire in Tempe during week ending Oct. 04	SE Valley Times	https://pipeline.locallabs.com/stories/555465015	2020-09-23 09:11:20	SE Valley Times - Arizona - Professional License Type Expiring in the Coming Week (City - Week) HLE	MM - Arizona
1 psychologist license is set to expire in Queen Creek during week ending Oct. 04	SE Valley Times	https://pipeline.locallabs.com/stories/555464997	2020-09-23 09:59:42	SE Valley Times - Arizona - Professional License Type Expiring in the Coming Week (City - Week) HLE	MM - Arizona
1 acupuncturist license is set to expire in Chandler during week ending Oct. 04	SE Valley Times	https://pipeline.locallabs.com/stories/555465014	2020-09-23 08:17:24	SE Valley Times - Arizona - Professional License Type Expiring in the Coming Week (City - Week) HLE	MM - Arizona
4 psychologist licenses are set to expire in Tempe during week ending Oct. 04	SE Valley Times	https://pipeline.locallabs.com/stories/555465000	2020-09-23 07:15:38	SE Valley Times - Arizona - Professional License Type Expiring in the Coming Week (City - Week) HLE	MM - Arizona
1 barber license is set to expire in Chandler during week ending Oct. 04	SE Valley Times	https://pipeline.locallabs.com/stories/555465011	2020-09-23 09:43:16	SE Valley Times - Arizona - Professional License Type Expiring in the Coming Week (City - Week) HLE	MM - Arizona
2 certified residential appraiser licenses are set to expire in Chandler during week ending Oct. 04	SE Valley Times	https://pipeline.locallabs.com/stories/555465013	2020-09-23 09:45:30	SE Valley Times - Arizona - Professional License Type Expiring in the Coming Week (City - Week) HLE	MM - Arizona
1 barber license is set to expire in Tempe during week ending Oct. 04	SE Valley Times	https://pipeline.locallabs.com/stories/555464996	2020-09-23 07:32:25	SE Valley Times - Arizona - Professional License Type Expiring in the Coming Week (City - Week) HLE	MM - Arizona
1 acupuncturist license is set to expire in Gilbert during week ending Oct. 04	SE Valley Times	https://pipeline.locallabs.com/stories/555465012	2020-09-23 08:23:59	SE Valley Times - Arizona - Professional License Type Expiring in the Coming Week (City - Week) HLE	MM - Arizona
1 acupuncturist license is set to expire in Tempe during week ending Oct. 04	SE Valley Times	https://pipeline.locallabs.com/stories/555464999	2020-09-23 08:16:27	SE Valley Times - Arizona - Professional License Type Expiring in the Coming Week (City - Week) HLE	MM - Arizona
1 licensed residential appraiser license is set to expire in Yuma during week ending Oct. 04	SW Arizona News	https://pipeline.locallabs.com/stories/555465046	2020-09-23 09:45:00	SW Arizona News - Arizona - Professional License Type Expiring in the Coming Week (City - Week) HLE	MM - Arizona
1 barber license is set to expire in Yuma during week ending Oct. 04	SW Arizona News	https://pipeline.locallabs.com/stories/555465045	2020-09-23 08:28:13	SW Arizona News - Arizona - Professional License Type Expiring in the Coming Week (City - Week) HLE	MM - Arizona
1 optometrist license is set to expire in Yuma during week ending Oct. 04	SW Arizona News	https://pipeline.locallabs.com/stories/555465044	2020-09-23 08:43:15	SW Arizona News - Arizona - Professional License Type Expiring in the Coming Week (City - Week) HLE	MM - Arizona
1 psychologist license is set to expire in Somerton during week ending Oct. 04	SW Arizona News	https://pipeline.locallabs.com/stories/555465043	2020-09-23 09:14:40	SW Arizona News - Arizona - Professional License Type Expiring in the Coming Week (City - Week) HLE	MM - Arizona
1 athletic trainer license is set to expire in Goodyear during week ending Oct. 04	SW Valley Times	https://pipeline.locallabs.com/stories/555464987	2020-09-23 07:09:40	SW Valley Times - Arizona - Professional License Type Expiring in the Coming Week (City - Week) HLE	MM - Arizona
1 acupuncturist license is set to expire in Litchfield Park during week ending Oct. 04	SW Valley Times	https://pipeline.locallabs.com/stories/555464986	2020-09-23 07:40:35	SW Valley Times - Arizona - Professional License Type Expiring in the Coming Week (City - Week) HLE	MM - Arizona
1 psychologist license is set to expire in Avondale during week ending Oct. 04	SW Valley Times	https://pipeline.locallabs.com/stories/555464985	2020-09-23 08:00:34	SW Valley Times - Arizona - Professional License Type Expiring in the Coming Week (City - Week) HLE	MM - Arizona
1 behavior analyst license is set to expire in Goodyear during week ending Oct. 04	SW Valley Times	https://pipeline.locallabs.com/stories/555464984	2020-09-23 07:36:55	SW Valley Times - Arizona - Professional License Type Expiring in the Coming Week (City - Week) HLE	MM - Arizona
1 certified general appraiser license is set to expire in Litchfield Park during week ending Oct. 04	SW Valley Times	https://pipeline.locallabs.com/stories/555464983	2020-09-23 09:09:22	SW Valley Times - Arizona - Professional License Type Expiring in the Coming Week (City - Week) HLE	MM - Arizona
2 behavior analyst licenses are set to expire in Tucson during week ending Oct. 04	Tucson Standard	https://pipeline.locallabs.com/stories/555465048	2020-09-23 09:57:03	Tucson Standard - Arizona - Professional License Type Expiring in the Coming Week (City - Week) HLE	MM - Arizona
1 licensed residential appraiser license is set to expire in Tucson during week ending Oct. 04	Tucson Standard	https://pipeline.locallabs.com/stories/555465047	2020-09-23 07:45:59	Tucson Standard - Arizona - Professional License Type Expiring in the Coming Week (City - Week) HLE	MM - Arizona
1 occupational therapist license is set to expire in Tucson during week ending Oct. 04	Tucson Standard	https://pipeline.locallabs.com/stories/555465057	2020-09-23 09:03:19	Tucson Standard - Arizona - Professional License Type Expiring in the Coming Week (City - Week) HLE	MM - Arizona
5 barber licenses are set to expire in Tucson during week ending Oct. 04	Tucson Standard	https://pipeline.locallabs.com/stories/555465056	2020-09-23 08:10:48	Tucson Standard - Arizona - Professional License Type Expiring in the Coming Week (City - Week) HLE	MM - Arizona
2 auricular acupuncturist licenses are set to expire in Tucson during week ending Oct. 04	Tucson Standard	https://pipeline.locallabs.com/stories/555465055	2020-09-23 08:13:30	Tucson Standard - Arizona - Professional License Type Expiring in the Coming Week (City - Week) HLE	MM - Arizona
12 acupuncturist licenses are set to expire in Tucson during week ending Oct. 04	Tucson Standard	https://pipeline.locallabs.com/stories/555465054	2020-09-23 09:25:35	Tucson Standard - Arizona - Professional License Type Expiring in the Coming Week (City - Week) HLE	MM - Arizona
1 certified residential appraiser license is set to expire in Tucson during week ending Oct. 04	Tucson Standard	https://pipeline.locallabs.com/stories/555465053	2020-09-23 08:55:33	Tucson Standard - Arizona - Professional License Type Expiring in the Coming Week (City - Week) HLE	MM - Arizona
2 certified general appraiser licenses are set to expire in Tucson during week ending Oct. 04	Tucson Standard	https://pipeline.locallabs.com/stories/555465052	2020-09-23 09:22:44	Tucson Standard - Arizona - Professional License Type Expiring in the Coming Week (City - Week) HLE	MM - Arizona
1 registered trainee appraiser license is set to expire in Tucson during week ending Oct. 04	Tucson Standard	https://pipeline.locallabs.com/stories/555465051	2020-09-23 08:22:01	Tucson Standard - Arizona - Professional License Type Expiring in the Coming Week (City - Week) HLE	MM - Arizona
10 psychologist licenses are set to expire in Tucson during week ending Oct. 04	Tucson Standard	https://pipeline.locallabs.com/stories/555465050	2020-09-23 08:06:28	Tucson Standard - Arizona - Professional License Type Expiring in the Coming Week (City - Week) HLE	MM - Arizona
2 optometrist licenses are set to expire in Tucson during week ending Oct. 04	Tucson Standard	https://pipeline.locallabs.com/stories/555465049	2020-09-23 07:32:37	Tucson Standard - Arizona - Professional License Type Expiring in the Coming Week (City - Week) HLE	MM - Arizona
1 occupational therapist license is set to expire in Sun City West during week ending Oct. 04	Yavapai News	https://pipeline.locallabs.com/stories/555464978	2020-09-23 08:50:56	Yavapai News - Arizona - Professional License Type Expiring in the Coming Week (City - Week) HLE	MM - Arizona
1 certified residential appraiser license is set to expire in Gilbert during week ending Oct. 04	Yavapai News	https://pipeline.locallabs.com/stories/555464962	2020-09-23 09:01:03	Yavapai News - Arizona - Professional License Type Expiring in the Coming Week (City - Week) HLE	MM - Arizona
1 barber license is set to expire in Scottsdale during week ending Oct. 04	Yavapai News	https://pipeline.locallabs.com/stories/555464944	2020-09-23 07:22:55	Yavapai News - Arizona - Professional License Type Expiring in the Coming Week (City - Week) HLE	MM - Arizona
1 certified residential appraiser license is set to expire in Tempe during week ending Oct. 04	Yavapai News	https://pipeline.locallabs.com/stories/555464933	2020-09-23 07:25:00	Yavapai News - Arizona - Professional License Type Expiring in the Coming Week (City - Week) HLE	MM - Arizona
1 athletic trainer license is set to expire in Tempe during week ending Oct. 04	Yavapai News	https://pipeline.locallabs.com/stories/555464977	2020-09-23 07:41:26	Yavapai News - Arizona - Professional License Type Expiring in the Coming Week (City - Week) HLE	MM - Arizona
1 occupational therapist limited license is set to expire in Gilbert during week ending Oct. 04	Yavapai News	https://pipeline.locallabs.com/stories/555464961	2020-09-23 07:49:30	Yavapai News - Arizona - Professional License Type Expiring in the Coming Week (City - Week) HLE	MM - Arizona
2 certified general appraiser licenses are set to expire in Scottsdale during week ending Oct. 04	Yavapai News	https://pipeline.locallabs.com/stories/555464945	2020-09-23 09:33:01	Yavapai News - Arizona - Professional License Type Expiring in the Coming Week (City - Week) HLE	MM - Arizona
1 licensed residential appraiser license is set to expire in Tempe during week ending Oct. 04	Yavapai News	https://pipeline.locallabs.com/stories/555464928	2020-09-23 07:11:05	Yavapai News - Arizona - Professional License Type Expiring in the Coming Week (City - Week) HLE	MM - Arizona
3 barber licenses are set to expire in Glendale during week ending Oct. 04	Yavapai News	https://pipeline.locallabs.com/stories/555464960	2020-09-23 07:19:02	Yavapai News - Arizona - Professional License Type Expiring in the Coming Week (City - Week) HLE	MM - Arizona
2 certified residential appraiser licenses are set to expire in Scottsdale during week ending Oct. 04	Yavapai News	https://pipeline.locallabs.com/stories/555464942	2020-09-23 09:12:04	Yavapai News - Arizona - Professional License Type Expiring in the Coming Week (City - Week) HLE	MM - Arizona
1 acupuncturist license is set to expire in Anthem during week ending Oct. 04	Yavapai News	https://pipeline.locallabs.com/stories/555464976	2020-09-23 07:15:56	Yavapai News - Arizona - Professional License Type Expiring in the Coming Week (City - Week) HLE	MM - Arizona
2 certified residential appraiser licenses are set to expire in Glendale during week ending Oct. 04	Yavapai News	https://pipeline.locallabs.com/stories/555464959	2020-09-23 07:45:41	Yavapai News - Arizona - Professional License Type Expiring in the Coming Week (City - Week) HLE	MM - Arizona
1 licensed residential appraiser license is set to expire in Scottsdale during week ending Oct. 04	Yavapai News	https://pipeline.locallabs.com/stories/555464941	2020-09-23 07:09:12	Yavapai News - Arizona - Professional License Type Expiring in the Coming Week (City - Week) HLE	MM - Arizona
1 psychologist license is set to expire in Avondale during week ending Oct. 04	Yavapai News	https://pipeline.locallabs.com/stories/555464975	2020-09-23 07:58:38	Yavapai News - Arizona - Professional License Type Expiring in the Coming Week (City - Week) HLE	MM - Arizona
1 psychologist license is set to expire in Glendale during week ending Oct. 04	Yavapai News	https://pipeline.locallabs.com/stories/555464958	2020-09-23 08:49:59	Yavapai News - Arizona - Professional License Type Expiring in the Coming Week (City - Week) HLE	MM - Arizona
7 psychologist licenses are set to expire in Scottsdale during week ending Oct. 04	Yavapai News	https://pipeline.locallabs.com/stories/555464940	2020-09-23 07:24:13	Yavapai News - Arizona - Professional License Type Expiring in the Coming Week (City - Week) HLE	MM - Arizona
1 acupuncturist license is set to expire in Cave Creek during week ending Oct. 04	Yavapai News	https://pipeline.locallabs.com/stories/555464973	2020-09-23 08:33:37	Yavapai News - Arizona - Professional License Type Expiring in the Coming Week (City - Week) HLE	MM - Arizona
1 barber license is set to expire in Sun City during week ending Oct. 04	Yavapai News	https://pipeline.locallabs.com/stories/555464939	2020-09-23 07:36:21	Yavapai News - Arizona - Professional License Type Expiring in the Coming Week (City - Week) HLE	MM - Arizona
1 licensed residential appraiser license is set to expire in Cave Creek during week ending Oct. 04	Yavapai News	https://pipeline.locallabs.com/stories/555464974	2020-09-23 08:26:49	Yavapai News - Arizona - Professional License Type Expiring in the Coming Week (City - Week) HLE	MM - Arizona
1 behavior analyst license is set to expire in Goodyear during week ending Oct. 04	Yavapai News	https://pipeline.locallabs.com/stories/555464957	2020-09-23 07:23:46	Yavapai News - Arizona - Professional License Type Expiring in the Coming Week (City - Week) HLE	MM - Arizona
1 certified general appraiser license is set to expire in Sun City during week ending Oct. 04	Yavapai News	https://pipeline.locallabs.com/stories/555464937	2020-09-23 08:46:04	Yavapai News - Arizona - Professional License Type Expiring in the Coming Week (City - Week) HLE	MM - Arizona
1 acupuncturist license is set to expire in Chandler during week ending Oct. 04	Yavapai News	https://pipeline.locallabs.com/stories/555464972	2020-09-23 08:52:30	Yavapai News - Arizona - Professional License Type Expiring in the Coming Week (City - Week) HLE	MM - Arizona
1 acupuncturist license is set to expire in Litchfield Park during week ending Oct. 04	Yavapai News	https://pipeline.locallabs.com/stories/555464956	2020-09-23 08:34:34	Yavapai News - Arizona - Professional License Type Expiring in the Coming Week (City - Week) HLE	MM - Arizona
1 barber license is set to expire in Chandler during week ending Oct. 04	Yavapai News	https://pipeline.locallabs.com/stories/555464971	2020-09-23 09:59:12	Yavapai News - Arizona - Professional License Type Expiring in the Coming Week (City - Week) HLE	MM - Arizona
3 barber licenses are set to expire in Mesa during week ending Oct. 04	Yavapai News	https://pipeline.locallabs.com/stories/555464953	2020-09-23 07:55:25	Yavapai News - Arizona - Professional License Type Expiring in the Coming Week (City - Week) HLE	MM - Arizona
1 certified general appraiser license is set to expire in Litchfield Park during week ending Oct. 04	Yavapai News	https://pipeline.locallabs.com/stories/555464955	2020-09-23 09:37:37	Yavapai News - Arizona - Professional License Type Expiring in the Coming Week (City - Week) HLE	MM - Arizona
2 acupuncturist licenses are set to expire in Surprise during week ending Oct. 04	Yavapai News	https://pipeline.locallabs.com/stories/555464938	2020-09-23 07:09:51	Yavapai News - Arizona - Professional License Type Expiring in the Coming Week (City - Week) HLE	MM - Arizona
2 certified residential appraiser licenses are set to expire in Chandler during week ending Oct. 04	Yavapai News	https://pipeline.locallabs.com/stories/555464970	2020-09-23 09:55:25	Yavapai News - Arizona - Professional License Type Expiring in the Coming Week (City - Week) HLE	MM - Arizona
1 behavior analyst license is set to expire in Mesa during week ending Oct. 04	Yavapai News	https://pipeline.locallabs.com/stories/555464952	2020-09-23 09:36:36	Yavapai News - Arizona - Professional License Type Expiring in the Coming Week (City - Week) HLE	MM - Arizona
1 acupuncturist license is set to expire in Mesa during week ending Oct. 04	Yavapai News	https://pipeline.locallabs.com/stories/555464954	2020-09-23 08:30:05	Yavapai News - Arizona - Professional License Type Expiring in the Coming Week (City - Week) HLE	MM - Arizona
1 acupuncturist license is set to expire in Tempe during week ending Oct. 04	Yavapai News	https://pipeline.locallabs.com/stories/555464936	2020-09-23 07:15:54	Yavapai News - Arizona - Professional License Type Expiring in the Coming Week (City - Week) HLE	MM - Arizona
1 certified residential appraiser license is set to expire in Chino Valley during week ending Oct. 04	Yavapai News	https://pipeline.locallabs.com/stories/555464969	2020-09-23 07:24:38	Yavapai News - Arizona - Professional License Type Expiring in the Coming Week (City - Week) HLE	MM - Arizona
8 certified residential appraiser licenses are set to expire in Mesa during week ending Oct. 04	Yavapai News	https://pipeline.locallabs.com/stories/555464951	2020-09-23 07:22:04	Yavapai News - Arizona - Professional License Type Expiring in the Coming Week (City - Week) HLE	MM - Arizona
1 certified general appraiser license is set to expire in Tempe during week ending Oct. 04	Yavapai News	https://pipeline.locallabs.com/stories/555464935	2020-09-23 07:59:08	Yavapai News - Arizona - Professional License Type Expiring in the Coming Week (City - Week) HLE	MM - Arizona
1 certified general appraiser license is set to expire in Congress during week ending Oct. 04	Yavapai News	https://pipeline.locallabs.com/stories/555464968	2020-09-23 09:17:00	Yavapai News - Arizona - Professional License Type Expiring in the Coming Week (City - Week) HLE	MM - Arizona
7 psychologist licenses are set to expire in Mesa during week ending Oct. 04	Yavapai News	https://pipeline.locallabs.com/stories/555464950	2020-09-23 08:26:22	Yavapai News - Arizona - Professional License Type Expiring in the Coming Week (City - Week) HLE	MM - Arizona
2 certified general appraiser licenses are set to expire in Surprise during week ending Oct. 04	Yavapai News	https://pipeline.locallabs.com/stories/555464934	2020-09-23 07:19:56	Yavapai News - Arizona - Professional License Type Expiring in the Coming Week (City - Week) HLE	MM - Arizona
2 certified general appraiser licenses are set to expire in Cottonwood during week ending Oct. 04	Yavapai News	https://pipeline.locallabs.com/stories/555464967	2020-09-23 09:45:40	Yavapai News - Arizona - Professional License Type Expiring in the Coming Week (City - Week) HLE	MM - Arizona
1 certified general appraiser license is set to expire in Peoria during week ending Oct. 04	Yavapai News	https://pipeline.locallabs.com/stories/555464948	2020-09-23 07:54:52	Yavapai News - Arizona - Professional License Type Expiring in the Coming Week (City - Week) HLE	MM - Arizona
1 athletic trainer license is set to expire in Scottsdale during week ending Oct. 04	Yavapai News	https://pipeline.locallabs.com/stories/555464929	2020-09-23 09:33:46	Yavapai News - Arizona - Professional License Type Expiring in the Coming Week (City - Week) HLE	MM - Arizona
1 occupational therapy assistant license is set to expire in Glendale during week ending Oct. 04	Yavapai News	https://pipeline.locallabs.com/stories/555464982	2020-09-23 08:33:08	Yavapai News - Arizona - Professional License Type Expiring in the Coming Week (City - Week) HLE	MM - Arizona
2 acupuncturist licenses are set to expire in Cottonwood during week ending Oct. 04	Yavapai News	https://pipeline.locallabs.com/stories/555464966	2020-09-23 07:34:41	Yavapai News - Arizona - Professional License Type Expiring in the Coming Week (City - Week) HLE	MM - Arizona
1 licensed residential appraiser license is set to expire in Paulden during week ending Oct. 04	Yavapai News	https://pipeline.locallabs.com/stories/555464949	2020-09-23 08:26:32	Yavapai News - Arizona - Professional License Type Expiring in the Coming Week (City - Week) HLE	MM - Arizona
4 psychologist licenses are set to expire in Tempe during week ending Oct. 04	Yavapai News	https://pipeline.locallabs.com/stories/555464930	2020-09-23 09:31:31	Yavapai News - Arizona - Professional License Type Expiring in the Coming Week (City - Week) HLE	MM - Arizona
1 athletic trainer license is set to expire in Goodyear during week ending Oct. 04	Yavapai News	https://pipeline.locallabs.com/stories/555464981	2020-09-23 09:54:30	Yavapai News - Arizona - Professional License Type Expiring in the Coming Week (City - Week) HLE	MM - Arizona
1 barber license is set to expire in El Mirage during week ending Oct. 04	Yavapai News	https://pipeline.locallabs.com/stories/555464964	2020-09-23 08:37:49	Yavapai News - Arizona - Professional License Type Expiring in the Coming Week (City - Week) HLE	MM - Arizona
2 acupuncturist licenses are set to expire in Prescott during week ending Oct. 04	Yavapai News	https://pipeline.locallabs.com/stories/555464946	2020-09-23 09:53:23	Yavapai News - Arizona - Professional License Type Expiring in the Coming Week (City - Week) HLE	MM - Arizona
1 barber license is set to expire in Tempe during week ending Oct. 04	Yavapai News	https://pipeline.locallabs.com/stories/555464927	2020-09-23 09:02:59	Yavapai News - Arizona - Professional License Type Expiring in the Coming Week (City - Week) HLE	MM - Arizona
1 athletic trainer license is set to expire in Peoria during week ending Oct. 04	Yavapai News	https://pipeline.locallabs.com/stories/555464980	2020-09-23 07:33:29	Yavapai News - Arizona - Professional License Type Expiring in the Coming Week (City - Week) HLE	MM - Arizona
1 acupuncturist license is set to expire in Gilbert during week ending Oct. 04	Yavapai News	https://pipeline.locallabs.com/stories/555464965	2020-09-23 09:57:42	Yavapai News - Arizona - Professional License Type Expiring in the Coming Week (City - Week) HLE	MM - Arizona
1 psychologist license is set to expire in Prescott during week ending Oct. 04	Yavapai News	https://pipeline.locallabs.com/stories/555464947	2020-09-23 07:29:27	Yavapai News - Arizona - Professional License Type Expiring in the Coming Week (City - Week) HLE	MM - Arizona
1 athletic trainer temporary license is set to expire in Glendale during week ending Oct. 04	Yavapai News	https://pipeline.locallabs.com/stories/555464931	2020-09-23 09:10:04	Yavapai News - Arizona - Professional License Type Expiring in the Coming Week (City - Week) HLE	MM - Arizona
1 athletic trainer license is set to expire in Prescott during week ending Oct. 04	Yavapai News	https://pipeline.locallabs.com/stories/555464979	2020-09-23 08:06:56	Yavapai News - Arizona - Professional License Type Expiring in the Coming Week (City - Week) HLE	MM - Arizona
2 behavior analyst licenses are set to expire in Gilbert during week ending Oct. 04	Yavapai News	https://pipeline.locallabs.com/stories/555464963	2020-09-23 07:20:18	Yavapai News - Arizona - Professional License Type Expiring in the Coming Week (City - Week) HLE	MM - Arizona
6 acupuncturist licenses are set to expire in Scottsdale during week ending Oct. 04	Yavapai News	https://pipeline.locallabs.com/stories/555464943	2020-09-23 08:07:07	Yavapai News - Arizona - Professional License Type Expiring in the Coming Week (City - Week) HLE	MM - Arizona
1 athletic trainer license is set to expire in Glendale during week ending Oct. 04	Yavapai News	https://pipeline.locallabs.com/stories/555464932	2020-09-23 09:30:43	Yavapai News - Arizona - Professional License Type Expiring in the Coming Week (City - Week) HLE	MM - Arizona
