MM - Texas	Abilene Times	2241	128250	2019-11-11	15
MM - New Mexico	ABQ Times	2636	128491	2019-11-21	25
MM - Idaho	Ada Reporter	2675	128463	2019-11-27	40
MM - Colorado	Adams County Times	2460	128442	2019-11-27	50
MM - South Carolina	Aiken Times	2787	128211	2019-11-21	25
MM - Ohio	Akron Reporter	2187	127748	2019-11-11	15
Metro Business Network	Alabama Business Daily	1633	127994	2019-11-27	85
Metro Business Network	Alaska Business Daily	1634	128351	2019-11-27	65
MM - Georgia	Albany Standard	2307	128064	2019-11-27	60
MM - West Virginia	Allegheny Highlands Today	2641	128334	2019-11-01	5
MM - Pennsylvania	Altoona Times	2040	127917	2019-11-11	15
MM - Texas	Amarillo Gazette	2243	128251	2019-11-11	15
MM - Iowa	Ames Today	2044	127610	2019-11-27	50
MM - Indiana	Anderson Reporter	2471	127585	2019-11-27	55
MM - Michigan	Ann Arbor Times	1889	127649	2019-11-27	40
MM - Maryland	Anne Arundel Today	1684	128128	2019-11-27	45
MM - Minnesota	Anoka Times	2080	127687	2019-11-27	35
MM - California	Antelope Valley Today	2693	128368	2019-11-27	55
Metro Business Network	Arizona Business Daily	1147	128367	2019-11-27	60
Metro Business Network	Arkansas Business Daily	1673	128008	2019-11-27	80
MM - Maine	Aroostook News	2386	127840	2019-11-27	40
MM - North Carolina	Asheville Reporter	2140	128148	2019-11-27	35
MM - Georgia	Athens Reporter	2335	128065	2019-11-27	60
MM - Georgia	ATL Standard	2318	128066	2019-11-27	60
MM - New Jersey	Atlantic County Times	2514	127872	2019-11-21	25
MM - Alabama	Auburn Times	2541	127976	2019-11-27	85
MM - Texas	Austin News	2249	128252	2019-11-11	15
MM - Alabama	Baldwin Times	2542	127977	2019-11-27	85
MM - Maryland	Baltimore City Wire	1685	128129	2019-11-27	45
MM - Louisiana	Baton Rouge Reporter	2588	128112	2019-11-27	50
MM - Michigan	Battle Creek Times	1890	127650	2019-11-27	40
MM - Massachusetts	Bean Town Times	2769	127850	2019-11-27	35
MM - Pennsylvania	Beaver County News	2111	127918	2019-11-11	15
MM - Arkansas	Benton Times	2604	127995	2019-11-27	80
MM - South Carolina	Berkeley Leader	2788	128212	2019-11-21	25
MM - Pennsylvania	Berks County News	2030	127919	2019-11-11	15
MM - Hawaii	Big Island Times	2584	128458	2019-11-27	45
MM - Indiana	Bloomington Leader	2472	127586	2019-11-27	55
MM - West Virginia	Bluestone News	2642	128335	2019-11-01	5
MM - Idaho	Boise City Wire	2676	128464	2019-11-27	40
MM - Colorado	Boulder Leader	2462	128443	2019-11-27	50
MM - Kentucky	Bowling Green Today	2430	128093	2019-11-27	55
MM - Missouri	Branson Times	2130	127706	2019-11-26	30
MM - Florida	Brevard Sun	1961	128015	2019-11-27	65
MM - Connecticut	Bridgeport Times	2576	127829	2019-11-27	45
MM - Massachusetts	Bristol Reporter	2766	127851	2019-11-27	35
MM - New York	Buffalo Ledger	2802	127894	2019-11-16	20
MM - North Carolina	Burlington Reporter	2146	128149	2019-11-27	35
MM - New Jersey	Burlington Review	2510	127873	2019-11-21	25
MM - Vermont	Burlington Standard	2336	127970	2019-11-01	5
MM - Pennsylvania	Butler County News	2108	127920	2019-11-11	15
MM - Ohio	Butler County Today	2216	127749	2019-11-11	15
MM - North Carolina	Cabarrus Today	2141	128150	2019-11-27	35
Metro Business Network	California Business Daily	1635	128441	2019-11-27	55
MM - Pennsylvania	Cambria Times	2106	127921	2019-11-11	15
MM - Ohio	Canton Reporter	2192	127750	2019-11-11	15
MM - Massachusetts	Cape Cod Ledger	2768	127852	2019-11-27	35
MM - Missouri	Cape News	2129	127707	2019-11-26	30
MM - New York	Capital District Times	2803	127895	2019-11-16	20
MM - Michigan	Capitol News	1904	127651	2019-11-27	40
MM - Idaho	CDA Reporter	2678	128465	2019-11-27	40
MM - Iowa	Cedar Rapids	2046	127611	2019-11-27	50
MM - California	Central Alameda News	2756	128369	2019-11-27	55
MM - Florida	Central Broward News	2032	128016	2019-11-27	65
MM - Pennsylvania	Central Bucks Today	2002	127922	2019-11-11	15
MM - Pennsylvania	Central Chester Today	1998	127923	2019-11-11	15
MM - Colorado	Central Colorado News	2466	128444	2019-11-27	50
MM - Georgia	Central Georgia News	2314	128067	2019-11-27	60
MM - Idaho	Central Idaho Times	2677	128466	2019-11-27	40
MM - Iowa	Central Iowa Times	2060	127612	2019-11-27	50
MM - Louisiana	Central Louisiana News	2589	128113	2019-11-27	50
MM - Missouri	Central Missouri News	2128	127708	2019-11-26	30
MM - Montana	Central Montana Times	2114	128473	2019-11-27	35
MM - North Dakota	Central ND News	2437	127742	2019-11-16	20
MM - Virginia	Central Nova News	2352	128307	2019-11-06	10
MM - California	Central OC Times	2706	128370	2019-11-27	55
MM - Ohio	Central Ohio Today	2231	127751	2019-11-11	15
MM - Oregon	Central Oregon Times	2666	128501	2019-11-16	20
MM - Pennsylvania	Central PA News	2104	127924	2019-11-11	15
MM - Virginia	Central Shenandoah News	2353	128308	2019-11-06	10
MM - South Dakota	Central South Dakota News	2449	127799	2019-11-06	10
MM - Missouri	Central STL News	2137	127709	2019-11-26	30
MM - Texas	Central Texas News	2245	128253	2019-11-11	15
MM - Utah	Central Utah News	2652	128513	2019-11-11	15
MM - Virginia	Central Virginia Times	2356	128309	2019-11-06	10
MM - Wisconsin	Central Wisconsin News	1877	127805	2019-11-01	5
MM - Wyoming	Central Wyoming News	2389	128546	2019-11-01	5
MM - Texas	Centroplex News	2247	128254	2019-11-11	15
MM - North Carolina	Chapel Hill Review	2167	128151	2019-11-27	35
MM - West Virginia	Charleston Leader	2643	128336	2019-11-01	5
MM - South Carolina	Charleston Reporter	2825	128213	2019-11-21	25
MM - California	Chico Times	2743	128371	2019-11-27	55
MM - Wisconsin	Chippewa Valley Times	1885	127806	2019-11-01	5
MM - Ohio	Cincy Reporter	2217	127752	2019-11-11	15
MM - Tennessee	Clarksville Times	2535	128227	2019-11-16	20
MM - Missouri	Clay Co Times	2117	127710	2019-11-26	30
MM - Florida	Clay County Times	1969	128017	2019-11-27	65
MM - Ohio	Clermont Times	2220	127753	2019-11-11	15
MM - Ohio	Cleveland Reporter	2208	127754	2019-11-11	15
MM - California	Coachella Today	2719	128372	2019-11-27	55
MM - Pennsylvania	Coal Region News	2102	127925	2019-11-11	15
MM - Georgia	Coastal GA News	2315	128068	2019-11-27	60
MM - Georgia	Cobb Reporter	2316	128069	2019-11-27	60
MM - Arizona	Coconino News	1946	128352	2019-11-27	60
MM - Texas	Collin Times	2258	128255	2019-11-11	15
Metro Business Network	Colorado Business Daily	1636	128457	2019-11-27	50
MM - Missouri	Columbia News	2127	127711	2019-11-26	30
MM - South Carolina	Columbia Standard	2789	128214	2019-11-21	25
MM - Indiana	Columbus Standard	2474	127587	2019-11-27	55
MM - Texas	Concho Valley News	2261	128256	2019-11-11	15
MM - New Hampshire	Concord Ledger	2346	127863	2019-11-26	30
Metro Business Network	Connecticut Business Daily	1637	127839	2019-11-27	45
MM - Texas	Corpus Christi Sun	2271	128257	2019-11-11	15
MM - Pennsylvania	Crawford Times	2099	127926	2019-11-11	15
MM - Pennsylvania	Cumberland Valley News	2098	127927	2019-11-11	15
MM - Minnesota	Dakota Times	2076	127688	2019-11-27	35
MM - Texas	Dallas Republic	2251	128258	2019-11-11	15
MM - New Hampshire	Dartmouth Times	2350	127864	2019-11-26	30
MM - Pennsylvania	Dauphin News	2096	127928	2019-11-11	15
MM - Utah	Davis Times	2653	128514	2019-11-11	15
MM - Ohio	Dayton Reporter	2232	127755	2019-11-11	15
MM - Alabama	Decatur Times	2546	127978	2019-11-27	85
MM - Georgia	DeKalb GA News	2317	128070	2019-11-27	60
Metro Business Network	Delaware Business Daily	1638	128013	2019-11-27	75
MM - Ohio	Delaware County Review	2230	127756	2019-11-11	15
MM - Colorado	Denver City Wire	2455	128445	2019-11-27	50
MM - Iowa	Des Moines Sun	2052	127613	2019-11-27	50
MM - Michigan	Detroit City Wire	1891	127652	2019-11-27	40
MM - South Carolina	Dorchester Today	2790	128215	2019-11-21	25
MM - Maine	Down East Times	2385	127841	2019-11-27	40
MM - Michigan	Downriver Today	1892	127653	2019-11-27	40
MM - Iowa	Dubuque Times	2057	127614	2019-11-27	50
MM - North Carolina	Durham Reporter	2142	128152	2019-11-27	35
MM - Florida	Duval Times	1973	128018	2019-11-27	65
MM - Nevada	Eagle Valley Times	2299	128481	2019-11-26	30
MM - California	East Alameda News	2755	128373	2019-11-27	55
MM - Colorado	East Arapahoe News	2457	128446	2019-11-27	50
MM - Arizona	East Arizona News	1953	128353	2019-11-27	60
MM - Georgia	East Central Georgia News	2313	128071	2019-11-27	60
MM - Iowa	East Central Iowa News	2055	127615	2019-11-27	50
MM - Texas	East Central Texas News	2280	128259	2019-11-11	15
MM - Ohio	East Cleveland News	2209	127757	2019-11-11	15
MM - California	East Contra Costa News	2754	128374	2019-11-27	55
MM - Texas	East DFW News	2273	128260	2019-11-11	15
MM - Florida	East Hillsborough News	1975	128019	2019-11-27	65
MM - Texas	East Houston News	2293	128261	2019-11-11	15
MM - New York	East Hudson Valley News	2805	127896	2019-11-16	20
MM - Idaho	East Idaho Times	2679	128467	2019-11-27	40
MM - Indiana	East Indy News	2491	127588	2019-11-27	55
MM - Kentucky	East Kentucky Times	2427	128094	2019-11-27	55
MM - Washington	East King News	1929	128524	2019-11-06	10
MM - North Carolina	East Lake Norman News	2157	128153	2019-11-27	35
MM - Arkansas	East Little Rock Times	2564	127996	2019-11-27	80
MM - Kentucky	East Louisville News	2431	128095	2019-11-27	55
MM - Michigan	East Michigan News	1896	127654	2019-11-27	40
MM - Pennsylvania	East Montgomery Times	2013	127929	2019-11-11	15
MM - New Mexico	East New Mexico News	2631	128492	2019-11-21	25
MM - Oklahoma	East OKC News	2776	128196	2019-11-26	30
MM - Oregon	East Oregon News	2667	128502	2019-11-16	20
MM - Florida	East Panhandle News	1999	128020	2019-11-27	65
MM - West Virginia	East Panhandle Times	2644	128337	2019-11-01	5
MM - Oregon	East PDX Today	2664	128503	2019-11-16	20
MM - Kentucky	East Pennyroyal News	2423	128096	2019-11-27	55
MM - Texas	East RGV News	2282	128262	2019-11-11	15
MM - California	East San Diego News	2710	128375	2019-11-27	55
MM - California	East SBV Times	2715	128376	2019-11-27	55
MM - California	East SFV Today	2690	128377	2019-11-27	55
MM - California	East Sierra News	2725	128378	2019-11-27	55
MM - Utah	East SLC News	2660	128515	2019-11-11	15
MM - Ohio	East Stark News	2191	127758	2019-11-11	15
MM - Minnesota	East Twin Cities	2086	127689	2019-11-27	35
MM - California	East Ventura News	2685	128379	2019-11-27	55
MM - Florida	East Volusia News	1977	128021	2019-11-27	65
MM - North Carolina	East Wake Times	2144	128154	2019-11-27	35
MM - Kansas	East Wichita Times	2408	127631	2019-11-27	45
MM - Virginia	Eastern Shore Times	2374	128310	2019-11-06	10
MM - Michigan	Eastern Wayne Today	1895	127655	2019-11-27	40
MM - Alabama	EC Alabama News	2547	127979	2019-11-27	85
MM - Indiana	EC Indiana News	2475	127589	2019-11-27	55
MM - Kansas	EC Kansas News	2418	127632	2019-11-27	45
MM - Mississippi	EC Mississippi News	2608	128135	2019-11-27	40
MM - Nebraska	EC Nebraska News	2622	127732	2019-11-21	25
MM - North Carolina	EC North Carolina News	2143	128155	2019-11-27	35
MM - Ohio	EC Ohio News	2195	127759	2019-11-11	15
MM - Oklahoma	EC Oklahoma News	2785	128197	2019-11-26	30
MM - Virginia	EC Virginia News	2358	128311	2019-11-06	10
MM - Wisconsin	EC Wisconsin News	1879	127807	2019-11-01	5
MM - Texas	El Paso Standard	2285	128263	2019-11-11	15
MM - Kentucky	Elizabethtown Times	2428	128097	2019-11-27	55
MM - Indiana	Elkhart Times	2476	127590	2019-11-27	55
MM - Florida	Emerald Coast Times	1979	128022	2019-11-27	65
MM - Pennsylvania	Erie County Times	2095	127930	2019-11-11	15
MM - Ohio	Fairfield Reporter	2227	127760	2019-11-11	15
MM - Texas	Far West Texas News	2289	128264	2019-11-11	15
MM - North Dakota	Fargo Standard	2438	127743	2019-11-16	20
MM - Arkansas	Fayetteville Standard	2560	127997	2019-11-27	80
MM - North Carolina	Fayetteville Today	2147	128156	2019-11-27	35
MM - Ohio	Findlay Times	2202	127761	2019-11-11	15
MM - New York	Finger Lakes Today	2804	127897	2019-11-16	20
Metro Business Network	Florida Business Daily	1149	128063	2019-11-27	65
MM - Louisiana	Florida Parish News	2590	128114	2019-11-27	50
MM - Wisconsin	Fon du Lac News	1880	127808	2019-11-01	5
MM - North Carolina	Foothills Review	2145	128157	2019-11-27	35
MM - Texas	Forest Country News	2263	128265	2019-11-11	15
MM - Arkansas	Fort Smith Times	2603	127998	2019-11-27	80
MM - Wisconsin	Fox Cities News	1881	127809	2019-11-01	5
MM - Virginia	Fredericksburg Leader	2360	128312	2019-11-06	10
MM - California	Fresno Leader	2726	128380	2019-11-27	55
MM - Indiana	Ft Wayne Times	2479	127591	2019-11-27	55
MM - Texas	Ft Worth Times	2253	128266	2019-11-11	15
MM - Alabama	Gadsden Today	2548	127980	2019-11-27	85
MM - North Carolina	Gastonia Times	2151	128158	2019-11-27	35
MM - Virginia	Gateway Reporter	2359	128313	2019-11-06	10
MM - Michigan	Genesee News	1897	127656	2019-11-27	40
Metro Business Network	Georgia Business Daily	1639	128092	2019-11-27	60
MM - Georgia	Georgia Mountain News	2321	128072	2019-11-27	60
MM - Montana	Glacier Country News	2239	128474	2019-11-27	35
MM - New Jersey	Gloucester Today	2513	127874	2019-11-21	25
MM - California	Gold Country Today	2745	128381	2019-11-27	55
MM - Colorado	Grand Junction Times	2467	128447	2019-11-27	50
MM - Michigan	Grand Rapids Reporter	1901	127657	2019-11-27	40
MM - Texas	Grayson Times	2291	128267	2019-11-11	15
MM - Wisconsin	Green Bay Reporter	1873	127810	2019-11-01	5
MM - Ohio	Greene County Times	2235	127762	2019-11-11	15
MM - North Carolina	Greensboro Reporter	2152	128159	2019-11-27	35
MM - South Carolina	Greenville Leader	2791	128216	2019-11-21	25
MM - North Carolina	Greenville Reporter	2153	128160	2019-11-27	35
MM - Mississippi	GTR Times	2610	128136	2019-11-27	40
MM - Tennessee	Hamilton Reporter	2522	128228	2019-11-16	20
MM - Pennsylvania	Happy Valley Times	2092	127931	2019-11-11	15
MM - Maryland	Harford News	1686	128130	2019-11-27	45
MM - Connecticut	Hartford Reporter	2580	127830	2019-11-27	45
Metro Business Network	Hawaii Business Daily	1640	128462	2019-11-27	45
MM - Virginia	Henrico Times	2362	128314	2019-11-06	10
MM - Florida	Hernando Reporter	1980	128023	2019-11-27	65
MM - North Carolina	Hickory Sun	2148	128161	2019-11-27	35
MM - North Carolina	High Country Times	2154	128162	2019-11-27	35
MM - Texas	Hill Country Chronicle	2250	128268	2019-11-11	15
MM - New Hampshire	Hillsborough Sun	2345	127865	2019-11-26	30
MM - South Carolina	Hilton Head Reporter	2793	128217	2019-11-21	25
MM - Mississippi	Hinds Today	2611	128137	2019-11-27	40
MM - Michigan	Holland Reporter	1898	127658	2019-11-27	40
MM - Hawaii	Honolulu Reporter	2583	128459	2019-11-27	45
MM - Kentucky	Hopkinsville Times	2433	128098	2019-11-27	55
MM - Arkansas	Hot Springs Times	2562	127999	2019-11-27	80
MM - Louisiana	Houma-Thibodaux News	2591	128115	2019-11-27	50
MM - Connecticut	Housatonic Valley News	2574	127831	2019-11-27	45
MM - Texas	Houston Republic	2255	128269	2019-11-11	15
MM - Maryland	Howard County News	1687	128131	2019-11-27	45
MM - New Jersey	Hudson Today	2504	127875	2019-11-21	25
MM - West Virginia	Huntington Times	2645	128338	2019-11-01	5
MM - Alabama	Huntsville Leader	2549	127981	2019-11-27	85
MM - Kansas	Hutch Today	2410	127633	2019-11-27	45
MM - North Carolina	IBX News	2155	128163	2019-11-27	35
Metro Business Network	Idaho Business Daily	1641	128472	2019-11-27	40
Metro Business Network	Illinois Business Daily	1148	127584	2019-11-27	60
MM - California	Imperial CA News	2720	128382	2019-11-27	55
Metro Business Network	Indiana Business Daily	1642	127609	2019-11-27	55
MM - Indiana	Indy Standard	2493	127592	2019-11-27	55
MM - Alaska	Interior Alaska News	2395	128345	2019-11-27	65
Metro Business Network	Iowa Business Daily	1405	127630	2019-11-27	50
MM - Iowa	Iowa City Today	2059	127616	2019-11-27	50
MM - Kentucky	Jackson Purchase News	2436	128099	2019-11-27	55
MM - Missouri	Jefferson City News	2126	127712	2019-11-26	30
MM - Missouri	Jefferson County Times	2125	127713	2019-11-26	30
MM - Alabama	Jefferson Reporter	2543	127982	2019-11-27	85
MM - Kansas	Joco Today	2412	127634	2019-11-27	45
MM - Tennessee	Johnson City Times	2527	128229	2019-11-16	20
MM - North Carolina	Johnston Reporter	2156	128164	2019-11-27	35
MM - Arkansas	Jonesboro Times	2563	128000	2019-11-27	80
MM - Michigan	Kalamazoo Times	1899	127659	2019-11-27	40
Metro Business Network	Kansas Business Daily	1643	127648	2019-11-27	45
MM - Hawaii	Kauai Sun	2585	128460	2019-11-27	45
MM - Missouri	KC Reporter	2131	127714	2019-11-26	30
MM - Wisconsin	Kenosha Reporter	1875	127811	2019-11-01	5
MM - Rhode Island	Kent County Times	2447	127966	2019-11-06	10
MM - Delaware	Kent County Today	1958	128009	2019-11-27	75
MM - Indiana	Kentuckiana Times	2481	127593	2019-11-27	55
Metro Business Network	Kentucky Business Daily	1644	128111	2019-11-27	55
MM - California	Kern County Times	2721	128383	2019-11-27	55
MM - Florida	Key West Reporter	2026	128024	2019-11-27	65
Metro Business Network	Keystone Business News	655	127965	2019-11-11	15
MM - California	Kings County Times	2723	128384	2019-11-27	55
MM - Tennessee	Kingsport Reporter	2532	128230	2019-11-16	20
MM - Washington	Kitsap Review	1974	128525	2019-11-06	10
MM - Tennessee	Knox Times	2520	128231	2019-11-16	20
MM - Indiana	Kokomo Standard	2482	127594	2019-11-27	55
MM - California	LA Harbor News	2700	128385	2019-11-27	55
MM - Louisiana	Lafayette Reporter	2594	128116	2019-11-27	50
MM - Indiana	Lafayette Times	2483	127595	2019-11-27	55
MM - Ohio	Lake County Times	2215	127763	2019-11-11	15
MM - New Hampshire	Lake Region News	2347	127866	2019-11-26	30
MM - California	Lake Tahoe Sun	2739	128386	2019-11-27	55
MM - Oregon	Lane County News	2668	128504	2019-11-16	20
MM - Michigan	Lansing Sun	1926	127660	2019-11-27	40
MM - Texas	Laredo Times	2288	128270	2019-11-11	15
MM - Colorado	Larimer News	2463	128448	2019-11-27	50
MM - Nevada	Las Vegas Record	2301	128482	2019-11-26	30
MM - Pennsylvania	Laurel Highlands Today	2087	127932	2019-11-11	15
MM - Kansas	Lawrence Reporter	2403	127635	2019-11-27	45
MM - Pennsylvania	Lawrence Times	2085	127933	2019-11-11	15
MM - California	LAX Leader	2704	128387	2019-11-27	55
MM - Pennsylvania	Lebanon PA News	2035	127934	2019-11-11	15
MM - Florida	Lee Today	1965	128025	2019-11-27	65
MM - Pennsylvania	Lehigh Times	2075	127935	2019-11-11	15
MM - Maine	Lewiston Times	2384	127842	2019-11-27	40
MM - Ohio	Licking Today	2228	127764	2019-11-11	15
MM - Ohio	Lima Reporter	2201	127765	2019-11-11	15
MM - Connecticut	Litchfield Hills Today	2573	127832	2019-11-27	45
MM - Kansas	Little Apple Times	2405	127636	2019-11-27	45
MM - Michigan	Livingston Today	1905	127661	2019-11-27	40
MM - Texas	Longview Times	2287	128271	2019-11-11	15
MM - Ohio	Lorain Times	2212	127766	2019-11-11	15
Metro Business Network	Louisiana Business Daily	1645	128127	2019-11-27	50
MM - Kentucky	Louisville City Wire	2435	128100	2019-11-27	55
MM - Arkansas	Lowe Delta News	2570	128001	2019-11-27	80
MM - Pennsylvania	Lower Bucks Today	2006	127936	2019-11-11	15
MM - South Carolina	Lower West SC News	2798	128218	2019-11-21	25
MM - Texas	Lubbock Times	2286	128272	2019-11-11	15
MM - Pennsylvania	Luzerne Times	2074	127937	2019-11-11	15
MM - Pennsylvania	Lycoming News	2073	127938	2019-11-11	15
MM - Virginia	Lynchburg Reporter	2363	128315	2019-11-06	10
MM - Michigan	Macomb Today	1919	127662	2019-11-27	40
MM - Georgia	Macon Times	2322	128073	2019-11-27	60
MM - Wisconsin	Madison Reporter	1872	127812	2019-11-01	5
MM - Idaho	Magic Valley Times	2682	128468	2019-11-27	40
Metro Business Network	Maine Business Daily	1646	127849	2019-11-27	40
MM - Maine	Maine Highlands News	2383	127843	2019-11-27	40
MM - Maine	Maine Lakes News	2382	127844	2019-11-27	40
MM - Florida	Manatee Review	1982	128026	2019-11-27	65
MM - Ohio	Mansfield Times	2200	127767	2019-11-11	15
MM - California	Marin Leader	2737	128388	2019-11-27	55
MM - Ohio	Marion-Morrow Times	2229	127768	2019-11-11	15
Metro Business Network	Maryland Business Daily	1647	128134	2019-11-27	45
Metro Business Network	Massachusetts Business Daily	1648	127862	2019-11-27	35
MM - Alaska	Mat-Su Times	2396	128346	2019-11-27	65
MM - Hawaii	Maui Reporter	2586	128461	2019-11-27	45
MM - Ohio	Medina Today	2214	127769	2019-11-11	15
MM - Tennessee	Memphis Standard	2519	128232	2019-11-16	20
MM - California	Merced Times	2727	128389	2019-11-27	55
MM - New Jersey	Mercer Times	2511	127876	2019-11-21	25
MM - Massachusetts	Merrimack Valley News	2764	127853	2019-11-27	35
MM - Kentucky	Metro Lex News	2420	128101	2019-11-27	55
MM - Massachusetts	Metro West Times	2765	127854	2019-11-27	35
MM - Florida	Miami Courant	1983	128027	2019-11-27	65
Metro Business Network	Michigan Business Daily	1657	127686	2019-11-27	40
MM - Texas	Mid City Times	2262	128273	2019-11-11	15
MM - Oregon	Mid Coast Times	2669	128505	2019-11-16	20
MM - Maine	Mid Coast Today	2381	127845	2019-11-27	40
MM - Massachusetts	Mid Massachusetts News	2762	127855	2019-11-27	35
MM - Oregon	Mid Valley Reporter	2673	128506	2019-11-16	20
MM - Wisconsin	Milwaukee City Wire	1865	127813	2019-11-01	5
MM - Wisconsin	Milwaukee North News	1866	127814	2019-11-01	5
MM - Wisconsin	Milwaukee South News	1867	127815	2019-11-01	5
MM - Minnesota	Minneapolis Review	2077	127690	2019-11-27	35
Metro Business Network	Minnesota Business Daily	1649	127705	2019-11-27	35
Metro Business Network	Mississippi Business Daily	1674	128147	2019-11-27	40
MM - Mississippi	Mississippi Gulf News	2612	128138	2019-11-27	40
Metro Business Network	Missouri Business Daily	1651	127731	2019-11-26	30
MM - Alabama	Mobile Courant	2550	127983	2019-11-27	85
MM - Arizona	Mohave Today	1947	128354	2019-11-27	60
MM - New York	Mohawk Valley Times	2807	127898	2019-11-16	20
MM - New Jersey	Monmouth Times	2505	127877	2019-11-21	25
MM - Pennsylvania	Monroe County News	2071	127939	2019-11-11	15
MM - New York	Monroe NY News	2808	127899	2019-11-16	20
MM - Michigan	Monroe Review	1906	127663	2019-11-27	40
Metro Business Network	Montana Business Daily	1652	128480	2019-11-27	35
MM - California	Monterey Times	2728	128390	2019-11-27	55
MM - Maryland	Montgomery News	1689	128132	2019-11-27	45
MM - New Jersey	Morris Leader	2509	127878	2019-11-21	25
MM - Tennessee	Morristown Times	2539	128233	2019-11-16	20
MM - Washington	Moses Lake Today	1972	128526	2019-11-06	10
MM - Indiana	Muncie Reporter	2484	127596	2019-11-27	55
MM - Michigan	Muskegon Sun	1907	127664	2019-11-27	40
MM - South Carolina	Myrtle Beach Leader	2795	128219	2019-11-21	25
MM - North Carolina	Nantahala News	2159	128165	2019-11-27	35
MM - Florida	Naples Standard	1971	128028	2019-11-27	65
MM - Tennessee	Nashville Standard	2518	128234	2019-11-16	20
MM - New York	Nassau Standard	2809	127900	2019-11-16	20
MM - Florida	Nature Coast Times	1985	128029	2019-11-27	65
MM - Connecticut	Naugatuck Times	2581	127833	2019-11-27	45
MM - Arkansas	NC Arkansas News	2569	128002	2019-11-27	80
MM - Florida	NC Florida News	1987	128030	2019-11-27	65
MM - Georgia	NC Georgia News	2323	128074	2019-11-27	60
MM - Indiana	NC Indiana News	2480	127597	2019-11-27	55
MM - Kansas	NC Kansas News	2413	127637	2019-11-27	45
MM - Kentucky	NC Kentucky News	2443	128102	2019-11-27	55
MM - Massachusetts	NC Massachusetts News	2761	127856	2019-11-27	35
MM - Minnesota	NC Minnesota News	2097	127691	2019-11-27	35
MM - Mississippi	NC Mississippi News	2614	128139	2019-11-27	40
MM - North Carolina	NC North Carolina News	2161	128166	2019-11-27	35
MM - Oklahoma	NC Oklahoma News	2774	128198	2019-11-26	30
MM - South Carolina	NC South Carolina Times	2796	128220	2019-11-21	25
MM - Tennessee	NC Tennessee News	2536	128235	2019-11-16	20
MM - Vermont	NC Vermont News	2338	127971	2019-11-01	5
MM - West Virginia	NC West Virginia News	2647	128339	2019-11-01	5
MM - Wisconsin	NC Wisconsin News	1882	127816	2019-11-01	5
MM - North Dakota	ND North News	2440	127744	2019-11-16	20
MM - Alabama	NE Alabama News	2551	127984	2019-11-27	85
MM - Georgia	NE Atlanta News	2308	128075	2019-11-27	60
MM - New Jersey	NE Bergen News	2500	127879	2019-11-21	25
MM - California	NE Cali News	2742	128391	2019-11-27	55
MM - Colorado	NE Colorado News	2464	128449	2019-11-27	50
MM - Connecticut	NE Connecticut News	2578	127834	2019-11-27	45
MM - Texas	NE Dallas News	2284	128274	2019-11-11	15
MM - Florida	NE Florida News	1986	128031	2019-11-27	65
MM - Ohio	NE Franklin News	2224	127770	2019-11-11	15
MM - Indiana	NE Indiana News	2478	127598	2019-11-27	55
MM - Iowa	NE Iowa News	2061	127617	2019-11-27	50
MM - Missouri	NE Kansas City News	2121	127715	2019-11-26	30
MM - Kansas	NE Kansas News	2411	127638	2019-11-27	45
MM - Kentucky	NE Kentucky News	2425	128103	2019-11-27	55
MM - Louisiana	NE Louisiana News	2607	128117	2019-11-27	50
MM - Mississippi	NE Mississippi News	2613	128140	2019-11-27	40
MM - Missouri	NE Missouri News	2113	127716	2019-11-26	30
MM - Tennessee	NE Nashville News	2524	128236	2019-11-16	20
MM - Nebraska	NE Nebraska News	2625	127733	2019-11-21	25
MM - New Mexico	NE New Mexico News	2632	128493	2019-11-21	25
MM - New York	NE New York Today	2812	127901	2019-11-16	20
MM - North Dakota	NE North Dakota News	2439	127745	2019-11-16	20
MM - Ohio	NE Ohio Times	2213	127771	2019-11-11	15
MM - Oklahoma	NE Oklahoma News	2784	128199	2019-11-26	30
MM - North Carolina	NE Piedmont News	2160	128167	2019-11-27	35
MM - California	NE Sacramento News	2735	128392	2019-11-27	55
MM - Texas	NE Tarrant News	2283	128275	2019-11-11	15
MM - Arizona	NE Valley Times	1933	128355	2019-11-27	60
MM - Vermont	NE Vermont News	2337	127972	2019-11-01	5
MM - Washington	NE Washington News	1970	128527	2019-11-06	10
MM - Wisconsin	NE Wisconsin News	1883	127817	2019-11-01	5
MM - Wyoming	NE Wyoming News	2390	128547	2019-11-01	5
Metro Business Network	Nebraska Business Daily	1653	127741	2019-11-21	25
MM - Nebraska	Nebraska Panhandle News	2623	127734	2019-11-21	25
Metro Business Network	Nevada Business Daily	1654	128490	2019-11-26	30
Metro Business Network	New Hampshire Business Daily	1655	127871	2019-11-26	30
Metro Business Network	New Jersey Business Daily	1656	127893	2019-11-21	25
Metro Business Network	New Mexico Business Daily	1658	128500	2019-11-21	25
MM - Virginia	New River Valley Times	2364	128316	2019-11-06	10
Metro Business Network	New York Business Daily	1659	127916	2019-11-16	20
MM - New Jersey	Newark Reporter	2497	127880	2019-11-21	25
MM - New York	Niagara Leader	2810	127902	2019-11-16	20
MM - Louisiana	Nola Reporter	2595	128118	2019-11-27	50
MM - Massachusetts	Norfolk Reporter	2770	127857	2019-11-27	35
MM - Texas	Nortex Times	2281	128276	2019-11-11	15
MM - Louisiana	North Acadiana News	2596	128119	2019-11-27	50
MM - Alaska	North Alaska News	2397	128347	2019-11-27	65
MM - Pennsylvania	North Allegheny News	2023	127940	2019-11-11	15
MM - Texas	North Austin News	2244	128277	2019-11-11	15
MM - Maryland	North Baltimore Journal	1690	128133	2019-11-27	45
MM - Alabama	North Birmingham Times	2544	127985	2019-11-27	85
MM - Kentucky	North Bluegrass News	2429	128104	2019-11-27	55
MM - Massachusetts	North Boston News	2763	127858	2019-11-27	35
MM - Florida	North Broward News	2031	128032	2019-11-27	65
Metro Business Network	North Carolina Business Daily	1660	128195	2019-11-27	35
MM - Pennsylvania	North Central PA Times	2070	127941	2019-11-11	15
MM - Pennsylvania	North Chester Today	2000	127942	2019-11-11	15
MM - Ohio	North Cincy News	2218	127772	2019-11-11	15
MM - California	North Coast California News	2711	128393	2019-11-27	55
MM - Oregon	North Coast Today	2674	128507	2019-11-16	20
MM - Texas	North Coastal News	2296	128278	2019-11-11	15
MM - Ohio	North Columbus News	2225	127773	2019-11-11	15
MM - New York	North Country Leader	2811	127903	2019-11-16	20
MM - New Hampshire	North Country Reporter	2348	127867	2019-11-26	30
Metro Business Network	North Dakota Business Daily	1599	127747	2019-11-16	20
MM - Ohio	North Dayton News	2234	127774	2019-11-11	15
MM - Pennsylvania	North Delco News	2011	127943	2019-11-11	15
MM - Iowa	North DSM News	2050	127618	2019-11-27	50
MM - New Jersey	North Essex News	2496	127881	2019-11-21	25
MM - Virginia	North Fairfax News	2354	128317	2019-11-06	10
MM - Georgia	North Fulton Today	2319	128076	2019-11-27	60
MM - North Carolina	North Guilford News	2163	128169	2019-11-27	35
MM - Georgia	North Gwinnett News	2329	128077	2019-11-27	60
MM - Minnesota	North Hennepin News	2078	127692	2019-11-27	35
MM - Texas	North Houston News	2295	128279	2019-11-11	15
MM - Idaho	North Idaho Times	2680	128469	2019-11-27	40
MM - Indiana	North Indy News	2487	127599	2019-11-27	55
MM - California	North Inland News	2712	128394	2019-11-27	55
MM - Iowa	North Iowa Reporter	2063	127619	2019-11-27	50
MM - North Carolina	North Iredell News	2164	128170	2019-11-27	35
MM - Colorado	North Jefferson County News	2458	128450	2019-11-27	50
MM - Michigan	North Kent News	1900	127665	2019-11-27	40
MM - Kentucky	North Kentucky News	2421	128105	2019-11-27	55
MM - Washington	North King News	1930	128528	2019-11-06	10
MM - Tennessee	North Knoxville News	2538	128237	2019-11-16	20
MM - Florida	North Lake Times	1988	128033	2019-11-27	65
MM - Pennsylvania	North Lancaster News	1994	127944	2019-11-11	15
MM - Arkansas	North Little Rock Times	2565	128003	2019-11-27	80
MM - North Carolina	North Mecklenburg News	2826	128171	2019-11-27	35
MM - Florida	North Miami-Dade News	2027	128034	2019-11-27	65
MM - Michigan	North Michigan News	1909	127666	2019-11-27	40
MM - New Jersey	North Middlesex Times	2502	127882	2019-11-21	25
MM - Nevada	North Nevada News	2300	128483	2019-11-26	30
MM - Delaware	North New Castle News	1956	128010	2019-11-27	75
MM - California	North OC Times	2705	128395	2019-11-27	55
MM - Oklahoma	North OKC News	2773	128200	2019-11-26	30
MM - Nebraska	North Omaha Times	2626	127735	2019-11-21	25
MM - Florida	North Orlando News	1992	128035	2019-11-27	65
MM - Florida	North Palm Beach Today	2036	128036	2019-11-27	65
MM - Florida	North Panhandle News	2001	128037	2019-11-27	65
MM - West Virginia	North Panhandle Times	2648	128340	2019-11-01	5
MM - Arizona	North Pima News	1941	128356	2019-11-27	60
MM - Florida	North Pinellas News	1989	128038	2019-11-27	65
MM - Pennsylvania	North Pocono News	2056	127945	2019-11-11	15
MM - North Carolina	North Raleigh Today	2165	128172	2019-11-27	35
MM - Minnesota	North Ramsey News	2088	127693	2019-11-27	35
MM - Virginia	North Richmond Today	2365	128318	2019-11-06	10
MM - California	North Sacramento Today	2747	128396	2019-11-27	55
MM - Texas	North San Antonio News	2279	128280	2019-11-11	15
MM - California	North SFV Today	2687	128397	2019-11-27	55
MM - California	North SGV News	2696	128398	2019-11-27	55
MM - Virginia	North Shenandoah News	2368	128319	2019-11-06	10
MM - Louisiana	North Shore Louisiana News	2606	128120	2019-11-27	50
MM - Washington	North Snohomish News	1938	128529	2019-11-06	10
MM - Missouri	North STL News	2135	127717	2019-11-26	30
MM - Ohio	North Summit News	2188	127775	2019-11-11	15
MM - Texas	North Texas News	2277	128281	2019-11-11	15
MM - Virginia	North Tidewater News	2366	128320	2019-11-06	10
MM - North Carolina	North Triangle News	2180	128173	2019-11-27	35
MM - Oklahoma	North Tulsa Today	2782	128201	2019-11-26	30
MM - Utah	North Utah News	2654	128516	2019-11-11	15
MM - Nevada	North Vegas Times	2305	128484	2019-11-26	30
MM - North Carolina	North Wake News	2166	128174	2019-11-27	35
MM - Kansas	North Wichita News	2409	127639	2019-11-27	45
MM - Montana	Northeast Montana News	2118	128475	2019-11-27	35
MM - South Dakota	Northeast South Dakota News	2453	127800	2019-11-06	10
MM - Virginia	Northern Neck Times	2367	128321	2019-11-06	10
MM - Pennsylvania	Northern Tier News	2054	127946	2019-11-11	15
MM - Pennsylvania	Northhampton News	2053	127947	2019-11-11	15
MM - Montana	Northwest Montana News	2116	128476	2019-11-27	35
MM - Pennsylvania	Northwest PA News	2051	127948	2019-11-11	15
MM - Wisconsin	Northwoods Reporter	1886	127818	2019-11-01	5
MM - Michigan	Novi Times	1910	127667	2019-11-27	40
MM - Alabama	NW Alabama News	2552	127986	2019-11-27	85
MM - Arkansas	NW Arkansas News	2561	128004	2019-11-27	80
MM - Georgia	NW Atlanta News	2309	128078	2019-11-27	60
MM - New Jersey	NW Bergen News	2499	127883	2019-11-21	25
MM - Nevada	NW Clark News	2303	128485	2019-11-26	30
MM - Connecticut	NW Connecticut News	2572	127835	2019-11-27	45
MM - Ohio	NW Frnaklin News	2222	127776	2019-11-11	15
MM - Georgia	NW Georgia News	2324	128079	2019-11-27	60
MM - Texas	NW Houston News	2292	128282	2019-11-11	15
MM - Iowa	NW Iowa News	2064	127620	2019-11-27	50
MM - New Jersey	NW Jersey News	2515	127884	2019-11-21	25
MM - Kansas	NW Kansas News	2414	127640	2019-11-27	45
MM - Kentucky	NW Kentucky News	2422	128106	2019-11-27	55
MM - California	NW LA Times	2692	128399	2019-11-27	55
MM - Louisiana	NW Louisiana News	2597	128121	2019-11-27	50
MM - Minnesota	NW Minnesota News	2100	127694	2019-11-27	35
MM - Mississippi	NW Mississippi News	2615	128141	2019-11-27	40
MM - Missouri	NW Missouri Times	2112	127718	2019-11-26	30
MM - New Mexico	NW New Mexico News	2633	128494	2019-11-21	25
MM - Ohio	NW Ohio Times	2199	127777	2019-11-11	15
MM - Oklahoma	NW Oklahoma News	2775	128202	2019-11-26	30
MM - California	NW Riverside News	2717	128400	2019-11-27	55
MM - Tennessee	NW Tennessee News	2531	128238	2019-11-16	20
MM - Minnesota	NW Twin Cities	2091	127695	2019-11-27	35
MM - Arizona	NW Valley Times	1927	128357	2019-11-27	60
MM - Washington	NW Washington News	1976	128530	2019-11-06	10
MM - Michigan	NW Wayne News	1894	127668	2019-11-27	40
MM - Wyoming	NW Wyoming News	2391	128548	2019-11-01	5
MM - New York	NYC Gazette	2813	127904	2019-11-16	20
MM - California	Oakland Record	2752	128401	2019-11-27	55
MM - Florida	Ocala Standard	1990	128039	2019-11-27	65
MM - New Jersey	Ocean County Leader	2506	127885	2019-11-21	25
Metro Business Network	Ohio Business Daily	1632	127798	2019-11-11	15
MM - West Virginia	Ohio Valley Times	2646	128341	2019-11-01	5
MM - Oklahoma	OKC Standard	2772	128203	2019-11-26	30
MM - Florida	Okeechobee Times	2025	128040	2019-11-27	65
Metro Business Network	Oklahoma Business Daily	1661	128210	2019-11-26	30
MM - Washington	Olympic Times	1966	128531	2019-11-06	10
MM - Nebraska	Omaha Record	2621	127736	2019-11-21	25
MM - New York	Oneida Times	2814	127905	2019-11-16	20
MM - North Carolina	Onslow News	2149	128175	2019-11-27	35
Metro Business Network	Oregon Business Daily	1662	128512	2019-11-16	20
MM - Florida	Orlando Standard	1967	128041	2019-11-27	65
MM - North Carolina	Outer Banks Times	2168	128176	2019-11-27	35
MM - Mississippi	Oxford Reporter	2609	128142	2019-11-27	40
MM - Wisconsin	Ozaukee County News	1869	127819	2019-11-01	5
MM - Florida	Palm Coast Times	1995	128042	2019-11-27	65
Metro Business Network	Palmetto Business Daily	1120	128226	2019-11-21	25
MM - Florida	Panama City Reporter	1997	128043	2019-11-27	65
MM - Texas	Panhandle Times	2260	128283	2019-11-11	15
MM - Florida	Pasco Reporter	2003	128044	2019-11-27	65
MM - New Jersey	Passaic News	2508	127886	2019-11-21	25
MM - South Carolina	Pee Dee News	2797	128221	2019-11-21	25
MM - Florida	Pensacola Times	2005	128045	2019-11-27	65
MM - Texas	Petroplex News	2276	128284	2019-11-11	15
MM - Pennsylvania	Philly Leader	1981	127949	2019-11-11	15
MM - Arizona	PHX Reporter	1937	128358	2019-11-27	60
MM - Washington	Pierce Today	1932	128532	2019-11-06	10
MM - Arizona	Pinal Today	1943	128359	2019-11-27	60
MM - Mississippi	Pine Belt Times	2616	128143	2019-11-27	40
MM - North Carolina	Pinehurst Today	2169	128177	2019-11-27	35
MM - Florida	Pinellas Times	1984	128046	2019-11-27	65
MM - Pennsylvania	Pittsburgh Review	2028	127950	2019-11-11	15
MM - Missouri	Platte News	2119	127719	2019-11-26	30
MM - Massachusetts	Plymouth Reporter	2767	127859	2019-11-27	35
MM - Idaho	Pocatello Times	2681	128470	2019-11-27	40
MM - Florida	Polk Times	2007	128047	2019-11-27	65
MM - California	Pomona Valley News	2699	128402	2019-11-27	55
MM - Michigan	Pontiac Times	1911	127669	2019-11-27	40
MM - Ohio	Portage Times	2190	127778	2019-11-11	15
MM - Oregon	Portland Courant	2663	128508	2019-11-16	20
MM - Maine	Portland Maine News	2387	127846	2019-11-27	40
MM - Virginia	Prince William Reporter	2370	128322	2019-11-06	10
MM - Rhode Island	Providence Reporter	2448	127967	2019-11-06	10
MM - Arkansas	Pulaski Times	2568	128005	2019-11-27	80
MM - Wisconsin	Racine Sun	1874	127820	2019-11-01	5
MM - North Carolina	Randolph County News	2170	128178	2019-11-27	35
MM - California	Redding Today	2741	128403	2019-11-27	55
MM - California	Redwood Empire News	2740	128404	2019-11-27	55
MM - Nevada	Reno Reporter	2297	128486	2019-11-26	30
Metro Business Network	Rhode Island Business Daily	1663	127969	2019-11-06	10
MM - Virginia	Richmond Leader	2357	128323	2019-11-06	10
MM - Iowa	River Bend Times	2065	127621	2019-11-27	50
MM - Louisiana	River Parish News	2598	128122	2019-11-27	50
MM - Alabama	River Region Times	2553	127987	2019-11-27	85
MM - Maine	River Valley Today	2380	127847	2019-11-27	40
MM - Virginia	Roanoke Sun	2371	128324	2019-11-06	10
MM - New York	Rochester Reporter	2815	127906	2019-11-16	20
MM - New Hampshire	Rockingham Times	2343	127868	2019-11-26	30
MM - New York	Rockland Reporter	2816	127907	2019-11-16	20
MM - North Carolina	Rocky Mount Today	2171	128179	2019-11-27	35
MM - Georgia	Rome Reporter	2325	128080	2019-11-27	60
MM - North Carolina	Rowan News	2172	128180	2019-11-27	35
MM - Tennessee	Rutherford Times	2521	128239	2019-11-16	20
MM - California	Sacramento Standard	2746	128405	2019-11-27	55
MM - Texas	San Antonio Corridor News	2290	128285	2019-11-11	15
MM - Texas	San Antonio Standard	2257	128286	2019-11-11	15
MM - California	San Diego Record	2709	128406	2019-11-27	55
MM - California	San Francisco Sun	2750	128407	2019-11-27	55
MM - California	San Joaquin Times	2749	128408	2019-11-27	55
MM - California	San Jose Standard	2729	128409	2019-11-27	55
MM - California	San Mateo Sun	2751	128410	2019-11-27	55
MM - Nebraska	Sandhills Today	2624	127737	2019-11-21	25
MM - New Mexico	Sandoval News	2634	128495	2019-11-21	25
MM - California	Santa Clara Today	2731	128411	2019-11-27	55
MM - California	Santa Cruz Standard	2732	128412	2019-11-27	55
MM - New Mexico	Santa Fe Standard	2635	128496	2019-11-21	25
MM - Florida	Sarasota Review	2008	128048	2019-11-27	65
MM - New York	Saratoga Standard	2817	127908	2019-11-16	20
MM - Georgia	Savannah Standard	2326	128081	2019-11-27	60
MM - Alaska	SC Alaska News	2399	128348	2019-11-27	65
MM - Connecticut	SC Connecticut News	2577	127836	2019-11-27	45
MM - Kansas	SC Kansas News	2416	127641	2019-11-27	45
MM - South Carolina	SC Midland News	2794	128222	2019-11-21	25
MM - Minnesota	SC Minnesota News	2089	127696	2019-11-27	35
MM - Mississippi	SC Mississippi News	2617	128144	2019-11-27	40
MM - Missouri	SC Missouri News	2110	127720	2019-11-26	30
MM - Nebraska	SC Nebraska News	2629	127738	2019-11-21	25
MM - New York	SC New York News	2818	127909	2019-11-16	20
MM - Oklahoma	SC Oklahoma News	2779	128204	2019-11-26	30
MM - Tennessee	SC Tennessee News	2528	128240	2019-11-16	20
MM - Texas	SC Texas News	2268	128287	2019-11-11	15
MM - Vermont	SC Vermont News	2339	127973	2019-11-01	5
MM - Virginia	SC Virginia News	2377	128325	2019-11-06	10
MM - Wisconsin	SC Wisconsin News	1878	127821	2019-11-01	5
MM - Pennsylvania	Scranton Reporter	2048	127951	2019-11-11	15
MM - Alaska	SE Alaska News	2398	128349	2019-11-27	65
MM - Arizona	SE Arizona News	1948	128360	2019-11-27	60
MM - Georgia	SE Atlanta News	2310	128082	2019-11-27	60
MM - Kentucky	SE Bluegrass News	2424	128107	2019-11-27	55
MM - Colorado	SE Colorado News	2468	128451	2019-11-27	50
MM - Connecticut	SE Connecticut News	2579	127837	2019-11-27	45
MM - Texas	SE Dallas News	2274	128288	2019-11-11	15
MM - Colorado	SE Denver News	2461	128452	2019-11-27	50
MM - Georgia	SE Georgia News	2327	128083	2019-11-27	60
MM - Michigan	SE Grand Rapids News	1903	127670	2019-11-27	40
MM - Texas	SE Houston News	2272	128289	2019-11-11	15
MM - Indiana	SE Indiana News	2473	127600	2019-11-27	55
MM - Iowa	SE Iowa News	2067	127622	2019-11-27	50
MM - Missouri	SE Kansas City News	2133	127721	2019-11-26	30
MM - Kansas	SE Kansas News	2415	127642	2019-11-27	45
MM - Kentucky	SE Kentucky News	2444	128108	2019-11-27	55
MM - California	SE LA Times	2701	128413	2019-11-27	55
MM - Minnesota	SE Minnesota News	2081	127697	2019-11-27	35
MM - Missouri	SE Missouri News	2109	127722	2019-11-26	30
MM - Nebraska	SE Nebraska News	2628	127739	2019-11-21	25
MM - North Carolina	SE North Carolina News	2173	128181	2019-11-27	35
MM - Michigan	SE Oakland News	1913	127671	2019-11-27	40
MM - Ohio	SE Ohio Times	2197	127779	2019-11-11	15
MM - Oklahoma	SE Oklahoma News	2778	128205	2019-11-26	30
MM - Tennessee	SE Tennessee News	2534	128241	2019-11-16	20
MM - Texas	SE Texas Times	2270	128290	2019-11-11	15
MM - Minnesota	SE Twin Cities	2093	127698	2019-11-27	35
MM - Arizona	SE Valley Times	1934	128361	2019-11-27	60
MM - Nevada	SE Vegas News	2302	128487	2019-11-26	30
MM - Washington	SE Washington News	1964	128533	2019-11-06	10
MM - Wyoming	SE Wyoming News	2392	128549	2019-11-01	5
MM - Washington	Seattle Sounder	1959	128534	2019-11-06	10
MM - California	SFV Today	2691	128414	2019-11-27	55
MM - California	SGV Standard	2697	128415	2019-11-27	55
MM - Tennessee	Shelby Reporter	2525	128242	2019-11-16	20
MM - Michigan	Shelby Review	1917	127672	2019-11-27	40
MM - Virginia	Shenandoah Valley News	2372	128326	2019-11-06	10
MM - Pennsylvania	Shenango Valley News	2045	127952	2019-11-11	15
MM - Michigan	Shiawassee Times	1914	127673	2019-11-27	40
MM - Alabama	Shoals Today	2555	127988	2019-11-27	85
MM - Louisiana	Shreveport Reporter	2599	128123	2019-11-27	50
MM - Iowa	Sioux City Times	2066	127623	2019-11-27	50
MM - South Dakota	Sioux Empire Today	2452	127801	2019-11-06	10
MM - Utah	SLC Times	2661	128517	2019-11-11	15
MM - California	SLO Reporter	2722	128416	2019-11-27	55
MM - Tennessee	Smoky Mountain Today	2537	128243	2019-11-16	20
MM - California	Solano Sun	2738	128417	2019-11-27	55
MM - New Jersey	Somerset News	2512	127887	2019-11-21	25
MM - New Mexico	South ABQ News	2637	128497	2019-11-21	25
MM - Alabama	South Alabama Times	2554	127989	2019-11-27	85
MM - California	South Alameda News	2757	128418	2019-11-27	55
MM - North Carolina	South Asheville News	2174	128182	2019-11-27	35
MM - Georgia	South Atlanta News	2311	128084	2019-11-27	60
MM - California	South Bay Leader	2702	128419	2019-11-27	55
MM - California	South Bay SD News	2713	128420	2019-11-27	55
MM - Indiana	South Bend Times	2492	127601	2019-11-27	55
MM - New Jersey	South Bergen News	2501	127888	2019-11-21	25
MM - Alabama	South Birmingham Times	2545	127990	2019-11-27	85
MM - Texas	South Brazoria News	2269	128291	2019-11-11	15
MM - Florida	South Broward News	2034	128049	2019-11-27	65
MM - Pennsylvania	South Central PA News	2043	127953	2019-11-11	15
MM - Pennsylvania	South Chester Today	1996	127954	2019-11-11	15
MM - Oregon	South Coast Times	2670	128509	2019-11-16	20
MM - Ohio	South Columbus News	2226	127780	2019-11-11	15
MM - Rhode Island	South County Times	2445	127968	2019-11-06	10
MM - Tennessee	South Cumberland News	2529	128244	2019-11-16	20
MM - Ohio	South Cuyahoga News	2211	127781	2019-11-11	15
Metro Business Network	South Dakota Business Daily	1600	127804	2019-11-06	10
MM - Ohio	South Dayton News	2233	127782	2019-11-11	15
MM - Pennsylvania	South Delco News	2009	127955	2019-11-11	15
MM - Texas	South DFW News	2275	128292	2019-11-11	15
MM - Iowa	South DSM News	2047	127624	2019-11-27	50
MM - Virginia	South Fairfax News	2355	128327	2019-11-06	10
MM - Ohio	South Franklin News	2223	127783	2019-11-11	15
MM - Georgia	South Fulton Today	2320	128085	2019-11-27	60
MM - Texas	South Galveston News	2267	128293	2019-11-11	15
MM - Georgia	South Georgia Times	2328	128086	2019-11-27	60
MM - North Carolina	South Guilford News	2176	128184	2019-11-27	35
MM - Georgia	South Gwinnett News	2330	128087	2019-11-27	60
MM - Minnesota	South Hennepin News	2079	127699	2019-11-27	35
MM - Indiana	South Indy News	2490	127602	2019-11-27	55
MM - Iowa	South Iowa News	2068	127625	2019-11-27	50
MM - Colorado	South Jefferson County News	2459	128453	2019-11-27	50
MM - New Jersey	South Jersey Sun	2516	127889	2019-11-21	25
MM - Missouri	South KC News	2115	127723	2019-11-26	30
MM - Michigan	South Kent News	1902	127674	2019-11-27	40
MM - Washington	South King News	1931	128535	2019-11-06	10
MM - Tennessee	South Knoxville News	2526	128245	2019-11-16	20
MM - Florida	South Lake Today	2010	128050	2019-11-27	65
MM - Pennsylvania	South Lancaster News	1991	127956	2019-11-11	15
MM - Louisiana	South Louisiana News	2600	128124	2019-11-27	50
MM - Maine	South Maine News	2379	127848	2019-11-27	40
MM - North Carolina	South Mecklenburg News	2177	128185	2019-11-27	35
MM - Florida	South Miami-Dade News	2029	128051	2019-11-27	65
MM - Michigan	South Michigan News	1915	127675	2019-11-27	40
MM - New Jersey	South Middlesex Times	2503	127890	2019-11-21	25
MM - Delaware	South New Castle News	1955	128011	2019-11-27	75
MM - North Carolina	South North Carolina News	2178	128186	2019-11-27	35
MM - California	South OC Times	2708	128421	2019-11-27	55
MM - Ohio	South Ohio News	2196	127784	2019-11-11	15
MM - Oklahoma	South OKC News	2777	128206	2019-11-26	30
MM - Nebraska	South Omaha Times	2627	127740	2019-11-21	25
MM - Oregon	South Oregon News	2671	128510	2019-11-16	20
MM - Florida	South Orlando News	1993	128052	2019-11-27	65
MM - Florida	South Palm Beach Today	2038	128053	2019-11-27	65
MM - Arizona	South Pima News	1942	128362	2019-11-27	60
MM - Florida	South Pinellas Times	2012	128054	2019-11-27	65
MM - North Carolina	South Raleigh News	2179	128187	2019-11-27	35
MM - California	South Sacramento Today	2748	128422	2019-11-27	55
MM - Texas	South San Antonio News	2266	128294	2019-11-11	15
MM - California	South SF Bay News	2730	128423	2019-11-27	55
MM - California	South SFV Today	2689	128424	2019-11-27	55
MM - California	South SGV News	2698	128425	2019-11-27	55
MM - Washington	South Snohomish News	1936	128536	2019-11-06	10
MM - Washington	South Sound Times	1968	128537	2019-11-06	10
MM - Missouri	South STL News	2136	127724	2019-11-26	30
MM - Ohio	South Summit News	2189	127785	2019-11-11	15
MM - Virginia	South Tidewater News	2376	128328	2019-11-06	10
MM - North Carolina	South Triangle News	2181	128188	2019-11-27	35
MM - Oklahoma	South Tulsa Today	2783	128207	2019-11-26	30
MM - Utah	South Utah News	2655	128518	2019-11-11	15
MM - Vermont	South Vermont News	2340	127974	2019-11-01	5
MM - Kansas	South Wichita News	2407	127643	2019-11-27	45
MM - North Carolina	South Winston Salem News	2184	128189	2019-11-27	35
MM - Pennsylvania	Southeast Allegheny News	2019	127957	2019-11-11	15
MM - Montana	Southeast Montana News	2120	128477	2019-11-27	35
MM - South Dakota	Southeast South Dakota News	2451	127802	2019-11-06	10
MM - Indiana	Southern Indiana Today	2486	127603	2019-11-27	55
MM - West Virginia	Southern West Virginia News	2649	128342	2019-11-01	5
MM - Wisconsin	Southern Wisconsin Times	1871	127822	2019-11-01	5
MM - Virginia	Southside VA News	2375	128329	2019-11-06	10
MM - Pennsylvania	Southwest Allegheny News	2021	127958	2019-11-11	15
MM - Montana	Southwest Montana News	2122	128478	2019-11-27	35
MM - Pennsylvania	Southwest PA News	2042	127959	2019-11-11	15
MM - South Carolina	Spartanburg Reporter	2799	128223	2019-11-21	25
MM - Washington	Spokane County Times	1962	128538	2019-11-06	10
MM - Washington	Spokane Standard	1960	128539	2019-11-06	10
MM - Massachusetts	Springfield Record	2759	127860	2019-11-27	35
MM - Missouri	Springfield Times	2107	127725	2019-11-26	30
MM - Colorado	Springs Times	2465	128454	2019-11-27	50
MM - Missouri	St. Charles Times	2138	127726	2019-11-26	30
MM - Michigan	St. Clair Today	1918	127676	2019-11-27	40
MM - Minnesota	St. Cloud Sun	2084	127700	2019-11-27	35
MM - Michigan	St. Joe-Benton Harbor News	1908	127677	2019-11-27	40
MM - Missouri	St. Louis Reporter	2134	127727	2019-11-26	30
MM - Minnesota	St. Paul Reporter	2083	127701	2019-11-27	35
MM - Florida	St. Pete Standard	2015	128055	2019-11-27	65
MM - California	Stanislaus News	2733	128426	2019-11-27	55
MM - New York	Staten Island Reporter	2819	127910	2019-11-16	20
MM - New Hampshire	Strafford News	2344	127869	2019-11-26	30
MM - Michigan	Sturgis-Coldwater News	1920	127678	2019-11-27	40
MM - New York	Suffolk Reporter	2820	127911	2019-11-16	20
MM - Florida	Sumter Times	2017	128056	2019-11-27	65
MM - Delaware	Sussex Review	1957	128012	2019-11-27	75
MM - Alaska	SW Alaska News	2400	128350	2019-11-27	65
MM - Arizona	SW Arizona News	1951	128363	2019-11-27	60
MM - Arkansas	SW Arkansas Times	2567	128006	2019-11-27	80
MM - Kentucky	SW Bluegrass News	2432	128109	2019-11-27	55
MM - Colorado	SW Colorado News	2469	128455	2019-11-27	50
MM - Connecticut	SW Connecticut News	2575	127838	2019-11-27	45
MM - Texas	SW Dallas News	2265	128295	2019-11-11	15
MM - Georgia	SW Georgia News	2331	128088	2019-11-27	60
MM - Texas	SW Houston News	2264	128296	2019-11-11	15
MM - Indiana	SW Indiana News	2477	127604	2019-11-27	55
MM - Iowa	SW Iowa Times	2069	127626	2019-11-27	50
MM - Kansas	SW Kansas News	2417	127644	2019-11-27	45
MM - Louisiana	SW Louisiana News	2605	128125	2019-11-27	50
MM - Minnesota	SW Minnesota Today	2090	127702	2019-11-27	35
MM - Mississippi	SW Mississippi News	2618	128145	2019-11-27	40
MM - Missouri	SW Missouri News	2123	127728	2019-11-26	30
MM - New Hampshire	SW New Hampshire News	2349	127870	2019-11-26	30
MM - New Mexico	SW New Mexico News	2638	128498	2019-11-21	25
MM - Oklahoma	SW Oklahoma News	2780	128208	2019-11-26	30
MM - California	SW Riverside News	2718	128427	2019-11-27	55
MM - Tennessee	SW Tennessee News	2530	128246	2019-11-16	20
MM - Arizona	SW Valley Times	1935	128364	2019-11-27	60
MM - Nevada	SW Vegas News	2304	128488	2019-11-26	30
MM - Virginia	SW Virginia News	2373	128330	2019-11-06	10
MM - Wisconsin	SW Wisconsin News	1876	127823	2019-11-01	5
MM - Wyoming	SW Wyoming News	2393	128550	2019-11-01	5
MM - New York	Syracuse Sun	2821	127912	2019-11-16	20
MM - Florida	Tallahassee Sun	2018	128057	2019-11-27	65
MM - Florida	Tampa Republic	2020	128058	2019-11-27	65
Metro Business Network	Tennessee Business Daily	1675	128249	2019-11-16	20
Metro Business Network	Texas Business Daily	1287	128306	2019-11-11	15
MM - Indiana	The Region News	2488	127605	2019-11-27	55
MM - Michigan	The Warren Sun	1916	127679	2019-11-27	40
MM - Michigan	Thumb Reporter	1921	127680	2019-11-27	40
MM - Ohio	Toledo Reporter	2206	127786	2019-11-11	15
MM - Kansas	Topeka Sun	2404	127645	2019-11-27	45
MM - Florida	Treasure Coast Sun	2014	128059	2019-11-27	65
MM - Idaho	Treasure Valley Times	2683	128471	2019-11-27	40
MM - Washington	Tri Cities Reporter	1952	128540	2019-11-06	10
MM - Ohio	Tri County News	2236	127787	2019-11-11	15
MM - Michigan	Tri-City Sun	1922	127681	2019-11-27	40
MM - Ohio	Trumball News	2203	127788	2019-11-11	15
MM - Arizona	Tucson Standard	1939	128365	2019-11-27	60
MM - California	Tulare Times	2724	128428	2019-11-27	55
MM - Oklahoma	Tulsa Standard	2781	128209	2019-11-26	30
MM - Alabama	Tuscaloosa Leader	2556	127991	2019-11-27	85
MM - Ohio	Tuscarawas News	2194	127789	2019-11-11	15
MM - Texas	Tyler Reporter	2259	128297	2019-11-11	15
MM - New Jersey	Union County Review	2507	127891	2019-11-21	25
MM - North Carolina	Union News	2182	128190	2019-11-27	35
MM - Michigan	UP Gazette	1923	127682	2019-11-27	40
MM - Pennsylvania	Upper Bucks Today	2004	127960	2019-11-11	15
MM - Tennessee	Upper Cumberland Times	2523	128247	2019-11-16	20
MM - Arkansas	Upper Delta News	2566	128007	2019-11-27	80
MM - Texas	Upper East Texas News	2256	128298	2019-11-11	15
MM - South Carolina	Upper West SC News	2792	128224	2019-11-21	25
MM - South Carolina	Upstate SC News	2800	128225	2019-11-21	25
Metro Business Network	Utah Business Daily	1666	128523	2019-11-11	15
MM - Utah	Utah Valley Times	2656	128519	2019-11-11	15
MM - Ohio	Vacationland Times	2198	127790	2019-11-11	15
MM - Washington	Vancouver Reporter	1950	128541	2019-11-06	10
MM - California	Verdugos News	2694	128429	2019-11-27	55
Metro Business Network	Vermont Business Daily	1667	127975	2019-11-01	5
MM - California	Victor Valley Times	2716	128430	2019-11-27	55
MM - Indiana	Vincennes Today	2495	127606	2019-11-27	55
Metro Business Network	Virginia Business Daily	1668	128333	2019-11-06	10
MM - Texas	Waco Reporter	2254	128299	2019-11-11	15
MM - Georgia	Warner Robins Today	2332	128089	2019-11-27	60
MM - Ohio	Warren-Clinton News	2221	127791	2019-11-11	15
Metro Business Network	Washington Business Daily	1669	128545	2019-11-06	10
MM - Wisconsin	Washington County News	1870	127824	2019-11-01	5
Metro Business Network	Washington D.C. Business Daily	1670	128014	2019-11-27	70
MM - Washington	Washington Isle News	1949	128542	2019-11-06	10
MM - Nevada	Washoe News	2298	128489	2019-11-26	30
MM - Utah	Wastach News	2657	128520	2019-11-11	15
MM - Michigan	Waterford Today	1912	127683	2019-11-27	40
MM - Iowa	Waterloo Times	2058	127627	2019-11-27	50
MM - Wisconsin	Waukesha County News	1868	127825	2019-11-01	5
MM - Ohio	Wayne County Today	2204	127792	2019-11-11	15
MM - Alabama	WC Alabama News	2557	127992	2019-11-27	85
MM - Georgia	WC Georgia News	2333	128090	2019-11-27	60
MM - Indiana	WC Indiana News	2485	127607	2019-11-27	55
MM - Iowa	WC Iowa News	2062	127628	2019-11-27	50
MM - Minnesota	WC Minnesota News	2082	127703	2019-11-27	35
MM - Mississippi	WC Mississippi News	2619	128146	2019-11-27	40
MM - Missouri	WC Missouri News	2103	127729	2019-11-26	30
MM - New Mexico	WC New Mexico News	2639	128499	2019-11-21	25
MM - Texas	WC Texas News	2252	128300	2019-11-11	15
MM - Wisconsin	WC Wisconsin News	1887	127826	2019-11-01	5
MM - Utah	Weber Times	2658	128521	2019-11-11	15
MM - Washington	Wenatchee Times	1945	128543	2019-11-06	10
MM - Colorado	West Arapahoe News	2456	128456	2019-11-27	50
MM - Georgia	West Atlanta News	2312	128091	2019-11-27	60
MM - Michigan	West Central Michigan News	1924	127684	2019-11-27	40
MM - Pennsylvania	West Central PA News	2037	127961	2019-11-11	15
MM - Ohio	West Cleveland News	2210	127793	2019-11-11	15
MM - California	West Contra Costa News	2753	128431	2019-11-27	55
MM - Texas	West DFW News	2278	128301	2019-11-11	15
MM - Iowa	West DSM News	2049	127629	2019-11-27	50
MM - California	West El Dorado News	2734	128432	2019-11-27	55
MM - New Jersey	West Essex News	2498	127892	2019-11-21	25
MM - Florida	West Florida News	1963	128060	2019-11-27	65
MM - Ohio	West Hamilton News	2219	127794	2019-11-11	15
MM - Florida	West Hillsborough News	2022	128061	2019-11-27	65
MM - Texas	West Houston News	2294	128302	2019-11-11	15
MM - New York	West Hudson Valley News	2806	127913	2019-11-16	20
MM - Indiana	West Indy News	2489	127608	2019-11-27	55
MM - California	West LA Times	2703	128433	2019-11-27	55
MM - North Carolina	West Lake Norman News	2158	128191	2019-11-27	35
MM - Ohio	West Lucas News	2207	127795	2019-11-11	15
MM - Massachusetts	West Massachusetts News	2760	127861	2019-11-27	35
MM - Pennsylvania	West Montgomery Times	2016	127962	2019-11-11	15
MM - Virginia	West Nova News	2369	128331	2019-11-06	10
MM - New York	West NY News	2823	127914	2019-11-16	20
MM - California	West OC Times	2707	128434	2019-11-27	55
MM - Oregon	West PDX Today	2665	128511	2019-11-16	20
MM - Kentucky	West Pennyroyal News	2426	128110	2019-11-27	55
MM - Texas	West RGV News	2248	128303	2019-11-11	15
MM - California	West SBV Times	2714	128435	2019-11-27	55
MM - California	West SFV Today	2688	128436	2019-11-27	55
MM - California	West SGV News	2695	128437	2019-11-27	55
MM - Utah	West SLC News	2659	128522	2019-11-11	15
MM - Ohio	West Stark News	2193	127796	2019-11-11	15
MM - Missouri	West STL News	2105	127730	2019-11-26	30
MM - Texas	West Texas News	2246	128304	2019-11-11	15
MM - Minnesota	West Twin Cities	2094	127704	2019-11-27	35
MM - California	West Ventura News	2686	128438	2019-11-27	55
Metro Business Network	West Virginia Business Daily	1816	128344	2019-11-01	5
MM - Florida	West Volusia News	2024	128062	2019-11-27	65
MM - North Carolina	West Wake News	2183	128192	2019-11-27	35
MM - Louisiana	Westbank Louisiana News	2601	128126	2019-11-27	50
MM - New York	Westchester Reporter	2822	127915	2019-11-16	20
MM - North Dakota	Western ND News	2441	127746	2019-11-16	20
MM - South Dakota	Western South Dakota News	2450	127803	2019-11-06	10
MM - Michigan	Western Wayne Today	1893	127685	2019-11-27	40
MM - Pennsylvania	Westmoreland Review	2039	127963	2019-11-11	15
MM - Wisconsin	Whitewater Times	1884	127827	2019-11-01	5
MM - Kansas	Wichita Standard	2406	127646	2019-11-27	45
MM - Virginia	Williamsburg Sun	2361	128332	2019-11-06	10
MM - Tennessee	WIlliamson News	2533	128248	2019-11-16	20
MM - California	Wine Country Times	2736	128439	2019-11-27	55
MM - North Carolina	Winston Salem Times	2150	128193	2019-11-27	35
MM - Texas	Winter Garden Today	2242	128305	2019-11-11	15
MM - Alabama	Wiregrass Times	2558	127993	2019-11-27	85
Metro Business Network	Wisconsin Business Daily	1671	127828	2019-11-01	5
MM - West Virginia	WV Heartland News	2650	128343	2019-11-01	5
MM - Kansas	Wyandotte Times	2402	127647	2019-11-27	45
Metro Business Network	Wyoming Business Daily	1672	128551	2019-11-01	5
MM - North Carolina	Yadkin Valley News	2185	128194	2019-11-27	35
MM - Washington	Yakima Times	1940	128544	2019-11-06	10
MM - Arizona	Yavapai News	1944	128366	2019-11-27	60
MM - Montana	Yellowstone Times	2124	128479	2019-11-27	35
MM - Pennsylvania	York County News	2033	127964	2019-11-11	15
MM - Ohio	Youngstown Times	2205	127797	2019-11-11	15
MM - California	Yuba-Sutter Times	2744	128440	2019-11-27	55
